,productname,prices,Description,Reviews
0,"realme 15 Pro 5G (Flowing Silver, 256 GB)","₹35,999",8 GB RAM | 256 GB ROM17.27 cm (6.8 inch) Display50MP + 50MP | 50MP Front Camera7000 mAh BatterySnapdragon 7 Gen 4 Processor1 Year Manufacturer Warranty for Device and 6 Months Manufacturer Warranty for Inbox Accessories,4.3
1,"REDMI Note-14 Pro+ 5G (Titan Black, 512 GB)","₹34,990",12 GB RAM | 512 GB ROM16.94 cm (6.67 inch) Display50MP + 50MP + 8MP | 20MP Front Camera6200 mAh Battery7s Gen 3 Processor1 Year Manufacturer Warranty for Phone and 6 Months Warranty for In the Box Accessories,4.4
2,"Samsung Galaxy S24 FE 5G (Blue, 128 GB)","₹32,999",8 GB RAM | 128 GB ROM17.02 cm (6.7 inch) Full HD+ Display50MP + 12MP + 8MP | 10MP Front Camera4700 mAh BatteryExynos 2400e Processor1 Year Manufacturer Warranty for Device and 6 Months for In-Box Accessories,4.5
3,"Xiaomi 14 CIVI (Cruise Blue, 256 GB)","₹33,999",8 GB RAM | 256 GB ROM16.64 cm (6.55 inch) Display50MP Rear Camera | 32MP + 32MP Dual Front Camera4700 mAh Battery8s Gen 3 Mobile Platform Processor1 Year Manufacturer Warranty for Phone and 6 Months Warranty for In the Box Accessories,4.3
4,"POCO F7 5G (Cyber Silver Edition, 256 GB)","₹31,999","12 GB RAM | 256 GB ROM17.35 cm (6.83 inch) Display50MP Rear Camera | 20MP Front Camera7550 mAh Li-Polymer + Silicon Carbon Battery8s Gen 4 ProcessorRear Camera -50MP Main Camera -8MP Ultra-wide Camera with night mode and ultra-wide video recordingFront camera -20MP with Portrait Mode | | Front Video Recording | Night ModeDisplay -6.83 inch 1.5K pOLED with 120 Hz refresh rateBattery 7550mAh, 90W charger, 22.5W reverse charging1 Year Manufacturer Warranty for Phone and 6 Months Warranty for In the Box Accessories",4.4
5,"Samsung Galaxy S24 FE 5G (Blue, 256 GB)","₹36,999",8 GB RAM | 256 GB ROM17.02 cm (6.7 inch) Full HD+ Display50MP + 12MP + 8MP | 10MP Front Camera4700 mAh BatteryExynos 2400e Processor1 Year Manufacturer Warranty for Device and 6 Months for In-Box Accessories,4.5
6,"vivo T4 Ultra 5G (Meteor Grey, 256 GB)","₹35,999",8 GB RAM | 256 GB ROM16.94 cm (6.67 inch) Full HD+ AMOLED Display50MP + 8MP + 50MP Periscope | 32MP Front Camera5500 mAh BatteryDimensity 9300+ Processor1 Year Warranty on the Product and 6 Months Warranty on Inbox Accessories,4.5
7,"OnePlus Nord CE5 5G (Marble Mist, 256 GB)","₹30,999",8 GB RAM | 256 GB ROM17.2 cm (6.77 inch) Display50MP Rear Camera7100 mAh Battery1 Year Warranty,4.5
8,"OnePlus Nord 5 5G (Marble Sands, 256 GB)","₹34,246",8 GB RAM | 256 GB ROM17.35 cm (6.83 inch) Full HD+ AMOLED Display50MP + 50MP + 8MP | 50MP Front Camera6800 mAh BatteryQualcomm® Snapdragon™ 8s Gen 3 Mobile Platform Processor1 Year manufacturer,4.5
9,"OnePlus Nord 5 5G (Dry Ice, 256 GB)","₹36,933",12 GB RAM | 256 GB ROM17.35 cm (6.83 inch) Display50MP Rear Camera6800 mAh Battery1 Year Warranty,4.5
10,"realme 14 Pro+ 5G (Pearl White, 512 GB)","₹30,999",12 GB RAM | 512 GB ROM17.35 cm (6.83 inch) Display50MP + 50MP + 8MP | 32MP Front Camera6000 mAh Battery7s Gen 3 Mobile Platform Processor1 Year Manufacturer Warranty for Device and 6 Months Manufacturer Warranty for Inbox Accessories,4.4
11,"realme 14 Pro+ 5G (Suede Grey, 256 GB)","₹34,999",12 GB RAM | 256 GB ROM17.35 cm (6.83 inch) Display50MP + 50MP + 8MP | 32MP Front Camera6000 mAh Battery7s Gen 3 Mobile Platform Processor1 Year Manufacturer Warranty for Device and 6 Months Manufacturer Warranty for Inbox Accessories,4.4
12,"OnePlus Nord CE5 5G (Nexus Blue, 256 GB)","₹30,999",8 GB RAM | 256 GB ROM17.2 cm (6.77 inch) Display50MP Rear Camera7100 mAh Battery1 Year Warranty,4.5
13,"IQOO Neo 10R 5G (MoonKnight Titanium, 256 GB)","₹31,505",12 GB RAM | 256 GB ROM17.22 cm (6.78 inch) Display50MP Rear Camera6400 mAh Battery1 Year Manufacturer Warranty for Phone and 6 Months Warranty for In the Box Accessories,4.5
14,"OnePlus 15R 5G (Charcoal Black, 256 GB)","₹47,318",12 GB RAM | 256 GB ROM17.35 cm (6.83 inch) Display50MP Rear Camera7400 mAh Battery1 year manufacturer warranty for device and 6 months manufacturer warranty for in-box accessories including batteries from the date of purchase,4.8
15,"REDMI Note-14 Pro+ 5G (Phantom Purple, 512 GB)","₹32,999",12 GB RAM | 512 GB ROM16.94 cm (6.67 inch) Display50MP + 50MP + 8MP | 20MP Front Camera6200 mAh Battery7s Gen 3 Processor1 Year Manufacturer Warranty for Phone and 6 Months Warranty for In the Box Accessories,4.4
16,"Samsung Galaxy S24 FE 5G (Mint, 128 GB)","₹32,999",8 GB RAM | 128 GB ROM17.02 cm (6.7 inch) Full HD+ Display50MP + 12MP + 8MP | 10MP Front Camera4700 mAh BatteryExynos 2400e Processor1 Year Manufacturer Warranty for Device and 6 Months for In-Box Accessories,4.5
17,"OnePlus Nord 5 5G (Phantom Grey, 512 GB)","₹40,838",12 GB RAM | 512 GB ROM17.35 cm (6.83 inch) Display50MP Rear Camera6800 mAh Battery1 Year Warranty,4.5
18,"OnePlus 13s 5G (Black Velvet, 512 GB)","₹57,769",12 GB RAM | 512 GB ROM16.05 cm (6.32 inch) Display50MP Rear Camera5850 mAh Battery1 Year Warranty,4.6
19,"realme 15 Pro 5G (Silk Purple, 256 GB)","₹35,999",8 GB RAM | 256 GB ROM17.27 cm (6.8 inch) Display50MP + 50MP | 50MP Front Camera7000 mAh BatterySnapdragon 7 Gen 4 Processor1 Year Manufacturer Warranty for Device and 6 Months Manufacturer Warranty for Inbox Accessories,4.3
20,"Samsung Galaxy S24 5G Snapdragon (Amber Yellow, 128 GB)","₹49,999",8 GB RAM | 128 GB ROM15.75 cm (6.2 inch) Full HD+ Display50MP + 12MP | 12MP Front Camera4000 mAh Battery8 Gen 3 Processor1 Year Manufacturer Warranty for Device and 6 Months for In-Box Accessories,4.6
21,"vivo V25 5G (Sunrise Gold, 128 GB)","₹32,999",8 GB RAM | 128 GB ROM16.36 cm (6.44 inch) Full HD+ Display64MP + 8MP + 2MP | 50MP Front Camera4500 mAh Lithium BatteryDimensity 900 Processor1 Year of Device & 6 Months for In-Box Accessories,4.3
22,"realme 15 Pro 5G (Velvet Green, 256 GB)","₹37,999",12 GB RAM | 256 GB ROM17.27 cm (6.8 inch) Display50MP + 50MP | 50MP Front Camera7000 mAh BatterySnapdragon 7 Gen 4 Processor1 Year Manufacturer Warranty for Device and 6 Months Manufacturer Warranty for Inbox Accessories,4.4
23,"Google Pixel 9A (Obsidian, 256 GB)","₹39,999",8 GB RAM | 256 GB ROM15.96 cm (6.285 inch) Full HD+ Display48MP + 12MP | 12MP Front Camera5100 mAh BatteryTensor G4 Processor1 Year Domestic Warranty,4.4
24,"Apple iPhone 17 (Black, 256 GB)","₹82,900","256 GB ROM16.0 cm (6.3 inch) Super Retina XDR Display48MP + 48MP | 18MP Front CameraA19 Chip, 6 Core Processor ProcessorApple One (1) Year Limited Warranty",4.7
25,"realme 15 Pro 5G (Velvet Green, 256 GB)","₹35,999",8 GB RAM | 256 GB ROM17.27 cm (6.8 inch) Display50MP + 50MP | 50MP Front Camera7000 mAh BatterySnapdragon 7 Gen 4 Processor1 Year Manufacturer Warranty for Device and 6 Months Manufacturer Warranty for Inbox Accessories,4.3
26,"vivo V60e (Elite Purple, 256 GB)","₹31,999",8 GB RAM | 256 GB ROM17.2 cm (6.77 inch) Full HD+ Display200MP + 8MP | 50MP Front Camera6500 mAh BatteryDimensity 7360-Turbo Processor1 Year Manufacturer Warranty for Device and 6 Months Manufacturer Warranty for Inbox Accessories,4.4
27,"OPPO Reno13 Pro 5G (Graphite Grey, 256 GB)","₹54,999",12 GB RAM | 256 GB ROM17.35 cm (6.83 inch) Display50MP + 50MP + 8MP | 50MP Front Camera5800 mAh BatteryDimensity 8350 Processor1 Year Warranty on Handset and 6 Months Warranty on Accessories,4.5
28,"IQOO Neo 10 (Titanium Chrome, 256 GB)","₹40,520",12 GB RAM | 256 GB ROM17.22 cm (6.78 inch) Full HD+ E3 Super AMOLED Display50MP + 50MP + 8MP | 32MP + 32MP Dual Front Camera7000 mAh BatteryQualcomm ProcessorDomestic warranty 1 year for handset and 6 months for accessories,4.5
29,"realme 15 Pro 5G (Silk Purple, 256 GB)","₹37,999",12 GB RAM | 256 GB ROM17.27 cm (6.8 inch) Display50MP + 50MP | 50MP Front Camera7000 mAh BatterySnapdragon 7 Gen 4 Processor1 Year Manufacturer Warranty for Device and 6 Months Manufacturer Warranty for Inbox Accessories,4.4
30,"vivo V60 5G (Auspicious Gold, 256 GB)","₹37,299",8 GB RAM | 256 GB ROM17.2 cm (6.77 inch) Display50MP + 8MP + 50MP | 50MP Front Camera6500 mAh Battery7 Gen 4 Processor1 Year Manufacturer Warranty for Device and 6 Months Manufacturer Warranty for Inbox Accessories,4.5
31,"Samsung Galaxy S25 Plus 5G (Navy, 256 GB)","₹75,999",12 GB RAM | 256 GB ROM17.02 cm (6.7 inch) Quad HD+ Display50MP + 10MP + 12MP | 12MP Front Camera4900 mAh Battery8 Elite for Galaxy Processor1 Year Manufacturer Warranty for Device and 6 Months for In-Box Accessories,4.7
32,"IQOO Neo 10R 5G (Raging Blue, 256 GB)","₹31,990",8 GB RAM | 256 GB ROM17.22 cm (6.78 inch) Display50MP Rear Camera6400 mAh Battery1 Year Manufacturer Warranty for Phone and 6 Months Warranty for In the Box Accessories,4.5
33,"MOTOROLA Edge 60 Pro (Pantone Sparkling Grape, 256 GB)","₹33,999",12 GB RAM | 256 GB ROM17.02 cm (6.7 inch) Display50MP + 50MP + 10MP | 50MP Front Camera6000 mAh BatteryDimensity 8350 Processor1 Year Warranty on Handset and 6 Months Warranty on Accessories,4.3
34,"realme 16 Pro 5G (Orchid Purple, 256 GB)","₹33,999",8 GB RAM | 256 GB ROM17.22 cm (6.78 inch) Full HD+ Display200MP + 8MP | 50MP Front Camera7000 mAh BatteryDimensity 7300 Max Processor1 Year Manufacturer Warranty for Phone and 6 Months Warranty for In-Box Accessories,4.6
35,"IQOO Neo 10 (Inferno Red, 512 GB)","₹45,810",16 GB RAM | 512 GB ROM17.22 cm (6.78 inch) Full HD+ E3 Super AMOLED Display50MP + 50MP + 8MP | 32MP + 32MP Dual Front Camera7000 mAh BatteryQualcomm ProcessorDomestic warranty 1 year for handset and 6 months accessories,4.7
36,"REDMI Note 14 Pro+ 5G (Ttan Black, 512 GB)","₹31,499",12 GB RAM | 512 GB ROM16.94 cm (6.67 inch) Display50MP + 50MP + 8MP | 20MP Front Camera6200 mAh Battery7s Gen 3 Processor1 Year Manufacturer Warranty for Phone and 6 Months Warranty for In the Box Accessories,4.4
37,"vivo V60e (Elite Purple, 256 GB)","₹33,999",12 GB RAM | 256 GB ROM17.2 cm (6.77 inch) Full HD+ Display200MP + 8MP | 50MP Front Camera6500 mAh BatteryDimensity 7360-Turbo Processor1 Year Manufacturer Warranty for Device and 6 Months Manufacturer Warranty for Inbox Accessories,4.5
38,"vivo V60 5G (Moonlit Blue, 256 GB)","₹34,978",8 GB RAM | 256 GB ROM17.2 cm (6.77 inch) Display50MP + 8MP + 50MP | 50MP Front Camera6500 mAh Battery7 Gen 4 Processor1 Year Manufacturer Warranty for Device and 6 Months Manufacturer Warranty for Inbox Accessories,4.5
39,"MOTOROLA Razr 60 (Ice Melt, 256 GB)","₹54,999",8 GB RAM | 256 GB ROM17.53 cm (6.9 inch) Full HD+ Display50MP + 13MP | 32MP Front Camera4500 mAh BatteryDimensity 7400X Processor1 Year Warranty on Handset and 6 Months Warranty on Accessories,4.4
40,"OPPO Reno14 5G (Pearl White, 256 GB)","₹39,918",8 GB RAM | 256 GB ROM16.74 cm (6.59 inch) Display50MP + 8MP + 50MP | 50MP Front Camera6000 mAh BatteryDimensity 8350 Processor1 Year Manufacturer Warranty for Device and 6 Months Manufacturer Warranty for Inbox Accessories,4.5
41,"Samsung Galaxy S24 FE 5G (Graphite, 256 GB)","₹36,999",8 GB RAM | 256 GB ROM17.02 cm (6.7 inch) Full HD+ Display50MP + 12MP + 8MP | 10MP Front Camera4700 mAh BatteryExynos 2400e Processor1 Year Manufacturer Warranty for Device and 6 Months for In-Box Accessories,4.5
42,"Apple iPhone 16 (Black, 128 GB)","₹69,900","128 GB ROM15.49 cm (6.1 inch) Super Retina XDR Display48MP + 12MP | 12MP Front CameraA18 Chip, 6 Core Processor Processor1 year warranty for phone and 1 year warranty for in Box Accessories.",4.6
43,"realme GT 7T (IceSense Blue, 256 GB)","₹34,999",8 GB RAM | 256 GB ROM17.27 cm (6.8 inch) Full HD+ AMOLED Display50MP + 8MP | 32MP Front Camera7000 mAh Li-ion BatteryDimensity 8400-MAX Processorstandard 1-year warranty for the device  and a 6-month warranty for accessories,4.4
44,"realme 14 Pro+ 5G (Suede Grey, 256 GB)","₹31,999",8 GB RAM | 256 GB ROM17.35 cm (6.83 inch) Display50MP + 50MP + 8MP | 32MP Front Camera6000 mAh Battery7s Gen 3 Mobile Platform Processor1 Year Manufacturer Warranty for Device and 6 Months Manufacturer Warranty for Inbox Accessories,4.4
45,"vivo V50 5G (Rose Red, 128 GB)","₹31,750",8 GB RAM | 128 GB ROM17.2 cm (6.77 inch) Display50MP + 50MP | 50MP Front Camera6000 mAh Battery7 Gen 3 Processor1 Year Manufacturer Warranty for Device and 6 Months Warranty for Inbox Accessories,4.5
46,"Apple iPhone 16 (Ultramarine, 128 GB)","₹69,900","128 GB ROM15.49 cm (6.1 inch) Super Retina XDR Display48MP + 12MP | 12MP Front CameraA18 Chip, 6 Core Processor Processor1 year warranty for phone and 1 year warranty for in Box Accessories.",4.6
47,"IQOO Neo 10R 5G (MoonKnight Titanium, 256 GB)","₹32,190",12 GB RAM | 256 GB ROM17.22 cm (6.78 inch) Display50MP Rear Camera6400 mAh Battery1 Year Manufacturer Warranty for Phone and 6 Months Warranty for In the Box Accessories,4.5
48,"OPPO Find X9 (Titanium Grey, 256 GB)","₹74,999",12 GB RAM | 256 GB ROM16.74 cm (6.59 inch) Full HD+ AMOLED Display50MP + 50MP + 50MP + 2MP | 32MP Front Camera7025 mAh BatteryDimensity 9500 Processor1 Year Manufacturer Warranty for Device and 6 Months Manufacturer Warranty for Inbox Accessories,4.6
49,"realme GT 6 (Razor Green, 512 GB)","₹32,999",16 GB RAM | 512 GB ROM17.22 cm (6.78 inch) Full HD+ Display50MP + 8MP + 50MP | 32MP Front Camera5500 mAh Battery8s Gen 3 Mobile Platform Processor1 Year Manufacturer Warranty for Device and 6 Months Manufacturer Warranty for Inbox Accessories,4.5
50,"OnePlus 15R 5G (Electric Violet, 256 GB)","₹48,501",12 GB RAM | 256 GB ROM17.35 cm (6.83 inch) Display50MP Rear Camera7400 mAh Battery1 year manufacturer warranty for device and 6 months manufacturer warranty for in-box accessories including batteries from the date of purchase,4.8
51,"OPPO Reno14 5G (Mint Green, 256 GB)","₹41,000",8 GB RAM | 256 GB ROM16.74 cm (6.59 inch) Display50MP + 8MP + 50MP | 50MP Front Camera6000 mAh BatteryDimensity 8350 Processor1 Year Manufacturer Warranty for Device and 6 Months Manufacturer Warranty for Inbox Accessories,4.5
52,"POCO F7 5G (Frost White, 256 GB)","₹31,999","12 GB RAM | 256 GB ROM17.35 cm (6.83 inch) Display50MP Rear Camera | 20MP Front Camera7550 mAh Li-Polymer + Silicon Carbon Battery8s Gen 4 ProcessorRear Camera -50MP Main Camera -8MP Ultra-wide Camera with night mode and ultra-wide video recordingFront camera -20MP with Portrait Mode | | Front Video Recording | Night ModeDisplay -6.83 inch 1.5K pOLED with 120 Hz refresh rateBattery 7550mAh, 90W charger, 22.5W reverse charging1 Year Manufacturer Warranty for Phone and 6 Months Warranty for In the Box Accessories",4.4
53,"Apple iPhone 17 (Black, 256 GB)","₹82,900","256 GB ROM16.0 cm (6.3 inch) Super Retina XDR Display48MP + 48MP | 18MP Front CameraA19 Chip, 6 Core Processor ProcessorApple One (1) Year Limited Warranty",4.7
54,"realme 15 Pro 5G (Velvet Green, 256 GB)","₹35,999",8 GB RAM | 256 GB ROM17.27 cm (6.8 inch) Display50MP + 50MP | 50MP Front Camera7000 mAh BatterySnapdragon 7 Gen 4 Processor1 Year Manufacturer Warranty for Device and 6 Months Manufacturer Warranty for Inbox Accessories,4.3
55,"Samsung Galaxy F55 5G (Apricot Crush, 256 GB)","₹32,999",12 GB RAM | 256 GB ROM | Expandable Upto 1 TB17.02 cm (6.7 inch) Full HD+ Display50MP + 8MP + 2MP | 50MP Front Camera5000 mAh Battery7 Gen 1 Processor1 Year Manufacturer Warranty for Device and 6 Months for In-Box Accessories,4.1
56,"REDMI Note-14 Pro+ 5G (Phantom Purple, 128 GB)","₹30,999",8 GB RAM | 128 GB ROM16.94 cm (6.67 inch) Display50MP + 50MP + 8MP | 20MP Front Camera6200 mAh Battery7s Gen 3 Processor1 Year Manufacturer Warranty for Phone and 6 Months Warranty for In the Box Accessories,4.4
57,"IQOO Neo 10R 5G (MoonKnight Titanium, 256 GB)","₹30,381",8 GB RAM | 256 GB ROM17.22 cm (6.78 inch) Display50MP Rear Camera6400 mAh Battery1 Year Manufacturer Warranty for Phone and 6 Months Warranty for In the Box Accessories,4.5
58,"vivo V60e (Elite Purple, 256 GB)","₹31,999",8 GB RAM | 256 GB ROM17.2 cm (6.77 inch) Full HD+ Display200MP + 8MP | 50MP Front Camera6500 mAh BatteryDimensity 7360-Turbo Processor1 Year Manufacturer Warranty for Device and 6 Months Manufacturer Warranty for Inbox Accessories,4.4
59,"OPPO Reno13 Pro 5G (Graphite Grey, 256 GB)","₹38,990",12 GB RAM | 256 GB ROM17.35 cm (6.83 inch) Display50MP + 50MP + 8MP | 50MP Front Camera5800 mAh BatteryDimensity 8350 Processor1 Year Warranty on Handset and 6 Months Warranty on Accessories,4.5
60,"IQOO Neo 10 (Titanium Chrome, 256 GB)","₹40,300",12 GB RAM | 256 GB ROM17.22 cm (6.78 inch) Full HD+ E3 Super AMOLED Display50MP + 50MP + 8MP | 32MP + 32MP Dual Front Camera7000 mAh BatteryQualcomm ProcessorDomestic warranty 1 year for handset and 6 months for accessories,4.5
61,"REDMI Note 13 Pro+ 5G (Fusion White, 512 GB)","₹31,947",12 GB RAM | 512 GB ROM16.94 cm (6.67 inch) Display200MP (OIS) + 8MP + 2MP | 16MP Front Camera5000 mAh BatteryDimensity 7200 Ultra 5G Processor1 Year Manufacturer Warranty for Phone and 6 Months Warranty for In the Box Accessories,4.3
62,"realme GT 6T 5G (Miracle Purple, 256 GB)","₹31,499",12 GB RAM | 256 GB ROM17.22 cm (6.78 inch) Display50MP Rear Camera5500 mAh Battery1 Year,4.5
63,"Samsung Galaxy A55 5G (Awesome Iceblue, 256 GB)","₹37,990",12 GB RAM | 256 GB ROM | Expandable Upto 1 TB16.76 cm (6.6 inch) Full HD+ Display50MP + 12MP + 5MP | 32MP Front Camera5000 mAh BatteryExynos 1480 Processor1 Year Manufacturer Warranty for Device and 6 Months for In-Box Accessories,4.3
64,"realme 15 Pro 5G (Silk Purple, 256 GB)","₹37,999",12 GB RAM | 256 GB ROM17.27 cm (6.8 inch) Display50MP + 50MP | 50MP Front Camera7000 mAh BatterySnapdragon 7 Gen 4 Processor1 Year Manufacturer Warranty for Device and 6 Months Manufacturer Warranty for Inbox Accessories,4.4
65,"OnePlus Nord 5 5G (Dry Ice, 256 GB)","₹33,582",8 GB RAM | 256 GB ROM17.35 cm (6.83 inch) Full HD+ AMOLED Display50MP + 50MP + 8MP | 50MP Front Camera6800 mAh BatteryQualcomm® Snapdragon™ 8s Gen 3 Mobile Platform Processor1 Year,4.5
66,"OnePlus 13R 5G (Nebula Noir, 256 GB)","₹40,399",12 GB RAM | 256 GB ROM17.22 cm (6.78 inch) Display50MP Rear Camera6000 mAh Battery1 year manufacturer warranty for device and 1 year manufacturer warranty for in-box accessories including batteries from the date of purchase,4.5
67,"vivo V60 5G (Auspicious Gold, 256 GB)","₹38,999",8 GB RAM | 256 GB ROM17.2 cm (6.77 inch) Display50MP + 8MP + 50MP | 50MP Front Camera6500 mAh Battery7 Gen 4 Processor1 Year Manufacturer Warranty for Device and 6 Months Manufacturer Warranty for Inbox Accessories,4.5
68,"Samsung Galaxy S25 Plus 5G (Navy, 256 GB)","₹75,999",12 GB RAM | 256 GB ROM17.02 cm (6.7 inch) Quad HD+ Display50MP + 10MP + 12MP | 12MP Front Camera4900 mAh Battery8 Elite for Galaxy Processor1 Year Manufacturer Warranty for Device and 6 Months for In-Box Accessories,4.7
69,"IQOO Neo 10R 5G (Raging Blue, 256 GB)","₹30,430",8 GB RAM | 256 GB ROM17.22 cm (6.78 inch) Display50MP Rear Camera6400 mAh Battery1 Year Manufacturer Warranty for Phone and 6 Months Warranty for In the Box Accessories,4.5
70,"OnePlus 13s 5G (Pink Satin, 256 GB)","₹53,967",12 GB RAM | 256 GB ROM16.05 cm (6.32 inch) Display50MP Rear Camera5850 mAh Battery1 Year Warranty,4.6
71,"MOTOROLA Edge 60 Pro (Pantone Sparkling Grape, 256 GB)","₹33,999",12 GB RAM | 256 GB ROM17.02 cm (6.7 inch) Display50MP + 50MP + 10MP | 50MP Front Camera6000 mAh BatteryDimensity 8350 Processor1 Year Warranty on Handset and 6 Months Warranty on Accessories,4.3
72,"realme 16 Pro 5G (Orchid Purple, 256 GB)","₹33,999",8 GB RAM | 256 GB ROM17.22 cm (6.78 inch) Full HD+ Display200MP + 8MP | 50MP Front Camera7000 mAh BatteryDimensity 7300 Max Processor1 Year Manufacturer Warranty for Phone and 6 Months Warranty for In-Box Accessories,4.6
73,"IQOO Neo 10 (Inferno Red, 512 GB)","₹44,990",16 GB RAM | 512 GB ROM17.22 cm (6.78 inch) Full HD+ E3 Super AMOLED Display50MP + 50MP + 8MP | 32MP + 32MP Dual Front Camera7000 mAh BatteryQualcomm ProcessorDomestic warranty 1 year for handset and 6 months accessories,4.7
74,"REDMI Note 14 Pro+ 5G (Ttan Black, 512 GB)","₹32,999",12 GB RAM | 512 GB ROM16.94 cm (6.67 inch) Display50MP + 50MP + 8MP | 20MP Front Camera6200 mAh Battery7s Gen 3 Processor1 Year Manufacturer Warranty for Phone and 6 Months Warranty for In the Box Accessories,4.4
75,"vivo V60e (Elite Purple, 256 GB)","₹33,999",12 GB RAM | 256 GB ROM17.2 cm (6.77 inch) Full HD+ Display200MP + 8MP | 50MP Front Camera6500 mAh BatteryDimensity 7360-Turbo Processor1 Year Manufacturer Warranty for Device and 6 Months Manufacturer Warranty for Inbox Accessories,4.5
76,"realme GT 7T (IceSense Black, 256 GB)","₹34,999",8 GB RAM | 256 GB ROM17.27 cm (6.8 inch) Full HD+ AMOLED Display50MP + 8MP | 32MP Front Camera7000 mAh Li-ion BatteryDimensity 8400-MAX Processorstandard 1-year warranty for the device  and a 6-month warranty for accessories,4.4
77,"vivo V60 5G (Moonlit Blue, 256 GB)","₹34,978",8 GB RAM | 256 GB ROM17.2 cm (6.77 inch) Display50MP + 8MP + 50MP | 50MP Front Camera6500 mAh Battery7 Gen 4 Processor1 Year Manufacturer Warranty for Device and 6 Months Manufacturer Warranty for Inbox Accessories,4.5
78,"MOTOROLA Razr 60 (Ice Melt, 256 GB)","₹54,999",8 GB RAM | 256 GB ROM17.53 cm (6.9 inch) Full HD+ Display50MP + 13MP | 32MP Front Camera4500 mAh BatteryDimensity 7400X Processor1 Year Warranty on Handset and 6 Months Warranty on Accessories,4.4
79,"Samsung Galaxy A36 5G (Awesome Lavender, 128 GB)","₹32,499",8 GB RAM | 128 GB ROM17.02 cm (6.7 inch) Full HD+ Display50MP + 8MP | 12MP Front Camera5000 mAh BatteryQualcomm Snapdragon 6 Gen 3 Processor1 Year Manufacturer Warranty for Device and 6 Months for In-Box Accessories,4.3
80,"OPPO Reno14 5G (Pearl White, 256 GB)","₹39,600",8 GB RAM | 256 GB ROM16.74 cm (6.59 inch) Display50MP + 8MP + 50MP | 50MP Front Camera6000 mAh BatteryDimensity 8350 Processor1 Year Manufacturer Warranty for Device and 6 Months Manufacturer Warranty for Inbox Accessories,4.5
81,"Samsung Galaxy S24 FE 5G (Graphite, 256 GB)","₹36,999",8 GB RAM | 256 GB ROM17.02 cm (6.7 inch) Full HD+ Display50MP + 12MP + 8MP | 10MP Front Camera4700 mAh BatteryExynos 2400e Processor1 Year Manufacturer Warranty for Device and 6 Months for In-Box Accessories,4.5
82,"Mi 10T (Cosmic Black, 128 GB)","₹35,999",6 GB RAM | 128 GB ROM16.94 cm (6.67 inch) Full HD+ Display64MP + 13MP + 5MP | 20MP Front Camera5000 mAh Li-ion Polymer BatteryQualcomm Snapdragon 865 Processor144Hz Intelligent AdaptiveSync Display33W Dual Split Flash Charge1 Year Manufacturer Warranty for Device and 6 Months Manufacturer Warranty for In-box Accessories,4.2
83,"IQOO Neo 10R 5G (Raging Blue, 128 GB)","₹31,999",8 GB RAM | 128 GB ROM17.22 cm (6.78 inch) Display50MP Rear Camera6400 mAh Battery1 Year Manufacturer Warranty for Phone and 6 Months Warranty for In the Box Accessories,4.5
84,"OPPO Reno13 5G (Blue, 128 GB)","₹31,990",8 GB RAM | 128 GB ROM16.74 cm (6.59 inch) Display50MP + 8MP + 2MP | 50MP Front Camera5600 mAh BatteryDimensity 8350 Processor1 Year Warranty on Handset and 6 Months Warranty on Accessories,4.4
85,"Apple iPhone 16 (Black, 128 GB)","₹69,900","128 GB ROM15.49 cm (6.1 inch) Super Retina XDR Display48MP + 12MP | 12MP Front CameraA18 Chip, 6 Core Processor Processor1 year warranty for phone and 1 year warranty for in Box Accessories.",4.6
86,"realme GT Neo 3T (Drifting White, 128 GB)","₹31,999",8 GB RAM | 128 GB ROM16.81 cm (6.62 inch) Full HD+ AMOLED Display64MP + 8MP + 2MP | 16MP Front Camera5000 mAh Lithium Ion BatteryQualcomm Snapdragon 870 Processor1 Year Manufacturer Warranty for Phone and 6 Months Warranty for In-Box Accessories,4.3
87,"OnePlus 15R 5G (Mint Breeze, 256 GB)","₹47,200",12 GB RAM | 256 GB ROM17.35 cm (6.83 inch) Display50MP Rear Camera7400 mAh Battery1 year manufacturer warranty for device and 6 months manufacturer warranty for in-box accessories including batteries from the date of purchase,4.7
88,"OPPO Find X9 (Titanium Grey, 512 GB)","₹84,999",16 GB RAM | 512 GB ROM16.74 cm (6.59 inch) Full HD+ AMOLED Display50MP + 50MP + 50MP + 2MP | 32MP Front Camera7025 mAh BatteryDimensity 9500 Processor1 Year Manufacturer Warranty for Device and 6 Months Manufacturer Warranty for Inbox Accessories,4.7
89,"realme GT 7T (IceSense Blue, 256 GB)","₹34,999",8 GB RAM | 256 GB ROM17.27 cm (6.8 inch) Full HD+ AMOLED Display50MP + 8MP | 32MP Front Camera7000 mAh Li-ion BatteryDimensity 8400-MAX Processorstandard 1-year warranty for the device  and a 6-month warranty for accessories,4.4
90,"realme 14 Pro+ 5G (Suede Grey, 256 GB)","₹31,999",8 GB RAM | 256 GB ROM17.35 cm (6.83 inch) Display50MP + 50MP + 8MP | 32MP Front Camera6000 mAh Battery7s Gen 3 Mobile Platform Processor1 Year Manufacturer Warranty for Device and 6 Months Manufacturer Warranty for Inbox Accessories,4.4
91,"vivo V50 5G (Rose Red, 128 GB)","₹31,499",8 GB RAM | 128 GB ROM17.2 cm (6.77 inch) Display50MP + 50MP | 50MP Front Camera6000 mAh Battery7 Gen 3 Processor1 Year Manufacturer Warranty for Device and 6 Months Warranty for Inbox Accessories,4.5
92,"OnePlus Nord 5 5G (Dry Ice, 256 GB)","₹33,634",8 GB RAM | 256 GB ROM17.35 cm (6.83 inch) Display50MP Rear Camera6800 mAh Battery1 Year Warranty,4.5
93,"Apple iPhone 16 (Ultramarine, 128 GB)","₹69,900","128 GB ROM15.49 cm (6.1 inch) Super Retina XDR Display48MP + 12MP | 12MP Front CameraA18 Chip, 6 Core Processor Processor1 year warranty for phone and 1 year warranty for in Box Accessories.",4.6
94,"vivo V40 Pro 5G (Ganges Blue, 256 GB)","₹44,999",8 GB RAM | 256 GB ROM17.22 cm (6.78 inch) Full HD+ Display50MP + 50MP + 50MP | 50MP Front Camera5500 mAh BatteryDimensity 9200+ Processor1 Year Warranty on Handset and 6 Months Warranty on Accessories,4.5
95,"POCO F6 5G (Deadpool, 256 GB)","₹33,999",12 GB RAM | 256 GB ROM16.94 cm (6.67 inch) Display50MP (OIS) + 8MP | 20MP Front Camera5000 mAh Battery8s Gen3 Processor1 Year Manufacturer Warranty for Phone and 6 Months Warranty for In the Box Accessories,4.3
96,"vivo V60e (Noble Gold, 256 GB)","₹31,999",8 GB RAM | 256 GB ROM17.2 cm (6.77 inch) Full HD+ Display200MP + 8MP | 50MP Front Camera6500 mAh BatteryDimensity 7360-Turbo Processor1 Year Manufacturer Warranty for Device and 6 Months Manufacturer Warranty for Inbox Accessories,4.4
97,"realme 16 Pro 5G (Master Gold, 256 GB)","₹36,999",12 GB RAM | 256 GB ROM17.22 cm (6.78 inch) Full HD+ Display200MP + 8MP | 50MP Front Camera7000 mAh BatteryDimensity 7300 Max Processor1 Year Manufacturer Warranty for Phone and 6 Months Warranty for In-Box Accessories,4.7
98,"realme 16 Pro 5G (Pebble Grey, 256 GB)","₹36,999",12 GB RAM | 256 GB ROM17.22 cm (6.78 inch) Full HD+ Display200MP + 8MP | 50MP Front Camera7000 mAh BatteryDimensity 7300 Max Processor1 Year Manufacturer Warranty for Phone and 6 Months Warranty for In-Box Accessories,4.7
99,"Samsung Galaxy A36 5G (Awesome Black, 256 GB)","₹35,499",8 GB RAM | 256 GB ROM17.02 cm (6.7 inch) Full HD+ Display50MP + 8MP | 12MP Front Camera5000 mAh BatteryQualcomm Snapdragon 6 Gen 3 Processor1 Year Manufacturer Warranty for Device and 6 Months for In-Box Accessories,4.3
100,"Apple iPhone 16 Plus (White, 128 GB)","₹79,900","128 GB ROM17.02 cm (6.7 inch) Super Retina XDR Display48MP + 12MP | 12MP Front CameraA18 Chip, 6 Core Processor Processor1 year warranty for phone and 1 year warranty for in Box Accessories.",4.6
101,"Apple iPhone 15 (Black, 256 GB)","₹69,900","256 GB ROM15.49 cm (6.1 inch) Super Retina XDR Display48MP + 12MP | 12MP Front CameraA16 Bionic Chip, 6 Core Processor Processor1 year warranty for phone and 1 year warranty for in Box Accessories.",4.6
102,"realme 16 Pro 5G (Master Gold, 256 GB)","₹33,999",8 GB RAM | 256 GB ROM17.22 cm (6.78 inch) Full HD+ Display200MP + 8MP | 50MP Front Camera7000 mAh BatteryDimensity 7300 Max Processor1 Year Manufacturer Warranty for Phone and 6 Months Warranty for In-Box Accessories,4.6
103,"realme 16 Pro 5G (Master Gold, 128 GB)","₹31,999",8 GB RAM | 128 GB ROM17.22 cm (6.78 inch) Full HD+ Display200MP + 8MP | 50MP Front Camera7000 mAh BatteryDimensity 7300 Max Processor1 Year Manufacturer Warranty for Phone and 6 Months Warranty for In-Box Accessories,4.6
104,"realme 16 Pro 5G (Orchid Purple, 256 GB)","₹33,999",8 GB RAM | 256 GB ROM17.22 cm (6.78 inch) Full HD+ Display200MP + 8MP | 50MP Front Camera7000 mAh BatteryDimensity 7300 Max Processor1 Year Manufacturer Warranty for Phone and 6 Months Warranty for In-Box Accessories,4.6
105,"realme 16 Pro 5G (Pebble Grey, 256 GB)","₹33,999",8 GB RAM | 256 GB ROM17.22 cm (6.78 inch) Full HD+ Display200MP + 8MP | 50MP Front Camera7000 mAh BatteryDimensity 7300 Max Processor1 Year Manufacturer Warranty for Phone and 6 Months Warranty for In-Box Accessories,4.6
106,"vivo X300 (Summit Red, 256 GB)","₹75,999",12 GB RAM | 256 GB ROM40.74 cm (16.04 cm) Display200MP + 50MP + 50MP | 50MP Front Camera6040 mAh BatteryDimensity 9500 Processor1 Year Warranty on Handset and 6 Months Warranty on Accessories,4.7
107,"vivo X300 (Elite Black, 512 GB)","₹81,999",12 GB RAM | 512 GB ROM40.74 cm (16.04 cm) Display200MP + 50MP + 50MP | 50MP Front Camera6040 mAh BatteryDimensity 9500 Processor1 Year Warranty on Handset and 6 Months Warranty on Accessories,4.7
108,"vivo X300 (Summit Red, 512 GB)","₹81,999",12 GB RAM | 512 GB ROM40.74 cm (16.04 cm) Display200MP + 50MP + 50MP | 50MP Front Camera6040 mAh BatteryDimensity 9500 Processor1 Year Warranty on Handset and 6 Months Warranty on Accessories,4.7
109,"vivo X300 (Mist Blue, 256 GB)","₹75,999",12 GB RAM | 256 GB ROM40.74 cm (16.04 cm) Display200MP + 50MP + 50MP | 50MP Front Camera6040 mAh BatteryDimensity 9500 Processor1 Year Warranty on Handset and 6 Months Warranty on Accessories,4.7
110,"vivo X300 (Elite Black, 256 GB)","₹75,999",12 GB RAM | 256 GB ROM40.74 cm (16.04 cm) Display200MP + 50MP + 50MP | 50MP Front Camera6040 mAh BatteryDimensity 9500 Processor1 Year Warranty on Handset and 6 Months Warranty on Accessories,4.7
111,"IQOO Neo 10 (Titanium Chrome, 512 GB)","₹45,990",16 GB RAM | 512 GB ROM17.22 cm (6.78 inch) Full HD+ E3 Super AMOLED Display50MP + 50MP + 8MP | 32MP + 32MP Dual Front Camera7000 mAh BatteryQualcomm ProcessorDomestic Warranty 1 year for handset and 6 months for accessories,4.7
112,"Samsung Galaxy Z Fold7 5G (Silver Shadow, 512 GB)","₹1,86,999",12 GB RAM | 512 GB ROM20.32 cm (8 inch) QXGA+ Display200MP + 12MP + 10MP | 10MP Front Camera4400 mAh BatterySnapdragon 8 Elite for Galaxy Processor1 Year Manufacturer Warranty for Device and 6 Months for In-Box Accessories,4.6
113,"Samsung Galaxy Z Fold6 5G (Silver Shadow, 256 GB)","₹1,07,600",12 GB RAM | 256 GB ROM19.3 cm (7.6 inch) QXGA+ Display50MP + 12MP + 10MP | 10MP Front Camera4400 mAh Lithium ion BatterySnapdragon 8 Gen 3 Processor1 Year Manufacturer Warranty for Device and 6 Months for In-Box Accessories,4.1
114,"Samsung Galaxy S24 5G Snapdragon (Cobalt Violet, 256 GB)","₹55,999",8 GB RAM | 256 GB ROM15.75 cm (6.2 inch) Full HD+ Display50MP + 12MP | 12MP Front Camera4000 mAh Battery8 Gen 3 Processor1 Year Manufacturer Warranty for Device and 6 Months for In-Box Accessories,4.6
115,"vivo V60e (Elite Purple, 256 GB)","₹33,999",12 GB RAM | 256 GB ROM17.2 cm (6.77 inch) Full HD+ Display200MP + 8MP | 50MP Front Camera6500 mAh BatteryDimensity 7360-Turbo Processor1 Year Manufacturer Warranty for Device and 6 Months Manufacturer Warranty for Inbox Accessories,4.5
116,"vivo X300 (Mist Blue, 512 GB)","₹81,999",12 GB RAM | 512 GB ROM40.74 cm (16.04 cm) Display200MP + 50MP + 50MP | 50MP Front Camera6040 mAh BatteryDimensity 9500 Processor1 Year Warranty on Handset and 6 Months Warranty on Accessories,4.7
117,"realme GT 7T (IceSense Blue, 256 GB)","₹34,999",8 GB RAM | 256 GB ROM17.27 cm (6.8 inch) Full HD+ AMOLED Display50MP + 8MP | 32MP Front Camera7000 mAh Li-ion BatteryDimensity 8400-MAX Processorstandard 1-year warranty for the device  and a 6-month warranty for accessories,4.4
118,"vivo X300 (Elite Black, 512 GB)","₹85,999",16 GB RAM | 512 GB ROM40.74 cm (16.04 cm) Display200MP + 50MP + 50MP | 50MP Front Camera6040 mAh BatteryDimensity 9500 Processor1 Year Warranty on Handset and 6 Months Warranty on Accessories,4.3
119,"vivo X300 (Summit Red, 512 GB)","₹85,999",16 GB RAM | 512 GB ROM40.74 cm (16.04 cm) Display200MP + 50MP + 50MP | 50MP Front Camera6040 mAh BatteryDimensity 9500 Processor1 Year Warranty on Handset and 6 Months Warranty on Accessories,4.3
120,"vivo X300 (Summit Red, 512 GB)","₹85,999",16 GB RAM | 512 GB ROM40.74 cm (16.04 cm) Display200MP + 50MP + 50MP | 50MP Front Camera6040 mAh BatteryDimensity 9500 Processor1 Year Warranty on Handset and 6 Months Warranty on Accessories,4.3
121,"Apple iPhone 14 (Midnight, 128 GB)","₹54,900","128 GB ROM15.49 cm (6.1 inch) Super Retina XDR Display12MP + 12MP | 12MP Front CameraA15 Bionic Chip, 6 Core Processor Processor1 year warranty for phone and 1 year warranty for in Box Accessories.",4.6
122,"IQOO Neo 10 (Inferno Red, 512 GB)","₹44,990",16 GB RAM | 512 GB ROM17.22 cm (6.78 inch) Full HD+ E3 Super AMOLED Display50MP + 50MP + 8MP | 32MP + 32MP Dual Front Camera7000 mAh BatteryQualcomm ProcessorDomestic warranty 1 year for handset and 6 months accessories,4.7
123,"Samsung Galaxy S24 Ultra 5G (Titanium Gray, 256 GB)","₹1,00,000",12 GB RAM | 256 GB ROM17.27 cm (6.8 inch) Quad HD+ Display200MP + 50MP + 12MP + 10MP | 12MP Front Camera5000 mAh BatterySnapdragon 8 Gen 3 Processor1 Year Manufacturer Warranty for Device and 6 Months for In-Box Accessories,4.6
124,"Samsung Galaxy S25 5G (Silver Shadow, 256 GB)","₹80,999",12 GB RAM | 256 GB ROM15.75 cm (6.2 inch) Full HD+ Display50MP + 10MP + 12MP | 12MP Front Camera4000 mAh Battery8 Elite Processor1 Year Manufacturer Warranty for Device and 6 Months for In-Box Accessories,4.6
125,"Samsung Galaxy S24 5G Snapdragon (Marble Gray, 256 GB)","₹55,999",8 GB RAM | 256 GB ROM15.75 cm (6.2 inch) Full HD+ Display50MP + 12MP | 12MP Front Camera4000 mAh Battery8 Gen 3 Processor1 Year Manufacturer Warranty for Device and 6 Months for In-Box Accessories,4.6
126,"Samsung Galaxy M55 5G (Light Green, 256 GB)","₹31,580",12 GB RAM | 256 GB ROM17.02 cm (6.7 inch) Display50MP Rear Camera5000 mAh BatteryDomestic Warranty 1 year for handset and 6 months for accessories.,4
127,"OnePlus 15 5G (Ultra Violet, 256 GB)","₹73,889",12 GB RAM | 256 GB ROM17.22 cm (6.78 inch) Display50MP Rear Camera7300 mAh Battery12 months manufacturer warranty,4.6
128,"Apple iPhone 17 Pro (Cosmic Orange, 512 GB)","₹1,54,900","512 GB ROM16.0 cm (6.3 inch) Super Retina XDR Display48MP + 48MP + 48MP | 18MP Front CameraA19 Chip, 6 Core Processor ProcessorApple One (1) Year Limited Warranty",4.7
129,"Samsung Galaxy A56 5G (Awesome Olive, 256 GB)","₹42,990",12 GB RAM | 256 GB ROM17.02 cm (6.7 inch) Full HD+ Display50MP + 12MP + 5MP | 12MP Front Camera5000 mAh BatterySamsung Exynos 1580 Processor1 Year Manufacturer Warranty for Device and 6 Months for In-Box Accessories,4.4
130,"OnePlus 15 5G (Infinite Black, 256 GB)","₹73,999",12 GB RAM | 256 GB ROM17.22 cm (6.78 inch) Display50MP Rear Camera7300 mAh Battery12 months manufacturer warranty,4.6
131,"Samsung Galaxy S23 FE (Graphite, 128 GB)","₹79,999",8 GB RAM | 128 GB ROM16.26 cm (6.4 inch) Full HD+ Display50MP + 12MP | 10MP Front Camera4500 mAh BatterySamsung Exynos 2200 Processor1 Year Manufacturer Warranty for Device and 6 Months for In-Box Accessories,4.4
132,"Apple iPhone 16 Plus (Teal, 128 GB)","₹79,900","128 GB ROM17.02 cm (6.7 inch) Super Retina XDR Display48MP + 12MP | 12MP Front CameraA18 Chip, 6 Core Processor Processor1 year warranty for phone and 1 year warranty for in Box Accessories.",4.6
133,"OPPO Reno14 5G (Pearl White, 256 GB)","₹39,600",8 GB RAM | 256 GB ROM16.74 cm (6.59 inch) Display50MP + 8MP + 50MP | 50MP Front Camera6000 mAh BatteryDimensity 8350 Processor1 Year Manufacturer Warranty for Device and 6 Months Manufacturer Warranty for Inbox Accessories,4.5
134,"realme GT 7T (IceSense Black, 256 GB)","₹34,999",8 GB RAM | 256 GB ROM17.27 cm (6.8 inch) Full HD+ AMOLED Display50MP + 8MP | 32MP Front Camera7000 mAh Li-ion BatteryDimensity 8400-MAX Processorstandard 1-year warranty for the device  and a 6-month warranty for accessories,4.4
135,"vivo V50e 5G (Pearl White, 256 GB)","₹33,999",8 GB RAM | 256 GB ROM17.2 cm (6.77 inch) Display50MP + 8MP | 50MP Front Camera5600 mAh BatteryDimensity 7300 Processor1 Year Warranty on the Product and 6 Months Warranty on Inbox Accessories,4.4
136,"vivo X300 Pro (Dune Gold, 512 GB)","₹1,09,999",16 GB RAM | 512 GB ROM43.74 cm (17.22 cm) Display50MP + 50MP + 200MP | 50MP Front Camera6510 mAh BatteryDimensity 9500 Processor1 Year Warranty on Handset and 6 Months Warranty on Accessories,4.7
137,"vivo X300 Pro (Elite Black, 512 GB)","₹1,09,999",16 GB RAM | 512 GB ROM43.74 cm (17.22 cm) Display50MP + 50MP + 200MP | 50MP Front Camera6510 mAh BatteryDimensity 9500 Processor1 Year Warranty on Handset and 6 Months Warranty on Accessories,4.7
138,"IQOO Neo 10 (Inferno Red, 256 GB)","₹40,800",12 GB RAM | 256 GB ROM17.22 cm (6.78 inch) Full HD+ E3 Super AMOLED Display50MP + 50MP + 8MP | 32MP + 32MP Dual Front Camera7000 mAh BatteryQualcomm ProcessorDomestic warranty 1 year for handset and 6  months for accessories,4.5
139,"Samsung Galaxy S24 5G Snapdragon (Amber Yellow, 128 GB)","₹49,999",8 GB RAM | 128 GB ROM15.75 cm (6.2 inch) Full HD+ Display50MP + 12MP | 12MP Front Camera4000 mAh Battery8 Gen 3 Processor1 Year Manufacturer Warranty for Device and 6 Months for In-Box Accessories,4.6
140,"OPPO Reno 12 Pro 5G (Sunset Gold, 256 GB)","₹33,999",12 GB RAM | 256 GB ROM | Expandable Upto 1 TB17.02 cm (6.7 inch) Full HD+ Display50MP + 8MP + 50MP | 50MP Front Camera5000 mAh BatteryDimensity 7300 Energy Processor1 Year Manufacturer Warranty for Device and 6 Months Manufacturer Warranty for Inbox Accessories,4.4
141,"realme 16 Pro+ 5G (Master Gold, 256 GB)","₹44,999",12 GB RAM | 256 GB ROM17.27 cm (6.8 inch) Full HD+ AMOLED Display200MP + 50MP + 8MP | 50MP Front Camera7000 mAh Battery7 Gen 4 Processor1 Year Manufacturer Warranty for Phone and 6 Months Warranty for In-Box Accessories,4.8
142,"realme 16 Pro+ 5G (Camellia Pink, 256 GB)","₹44,999",12 GB RAM | 256 GB ROM17.27 cm (6.8 inch) Full HD+ AMOLED Display200MP + 50MP + 8MP | 50MP Front Camera7000 mAh Battery7 Gen 4 Processor1 Year Manufacturer Warranty for Phone and 6 Months Warranty for In-Box Accessories,4.8
143,"realme 16 Pro+ 5G (Master Grey, 256 GB)","₹44,999",12 GB RAM | 256 GB ROM17.27 cm (6.8 inch) Full HD+ AMOLED Display200MP + 50MP + 8MP | 50MP Front Camera7000 mAh Battery7 Gen 4 Processor1 Year Manufacturer Warranty for Phone and 6 Months Warranty for In-Box Accessories,4.8
144,"realme 16 Pro+ 5G (Master Grey, 256 GB)","₹44,999",12 GB RAM | 256 GB ROM17.27 cm (6.8 inch) Full HD+ AMOLED Display200MP + 50MP + 8MP | 50MP Front Camera7000 mAh Battery7 Gen 4 Processor1 Year Manufacturer Warranty for Phone and 6 Months Warranty for In-Box Accessories,4.8
145,"realme 16 Pro+ 5G (Camellia Pink, 256 GB)","₹44,999",12 GB RAM | 256 GB ROM17.27 cm (6.8 inch) Full HD+ AMOLED Display200MP + 50MP + 8MP | 50MP Front Camera7000 mAh Battery7 Gen 4 Processor1 Year Manufacturer Warranty for Phone and 6 Months Warranty for In-Box Accessories,4.8
146,"Samsung Galaxy A36 5G (Awesome White, 128 GB)","₹32,499",8 GB RAM | 128 GB ROM17.02 cm (6.7 inch) Full HD+ Display50MP + 8MP | 12MP Front Camera5000 mAh BatteryQualcomm Snapdragon 6 Gen 3 Processor1 Year Manufacturer Warranty for Device and 6 Months for In-Box Accessories,4.3
147,"OPPO F31 Pro 5G (Desert Gold, 256 GB)","₹31,999",12 GB RAM | 256 GB ROM16.69 cm (6.57 inch) Full HD+ Display50MP + 2MP | 32MP Front Camera7000 mAh BatteryDimensity 7300 Processor1 Year brand warranty,4.2
148,"Samsung Galaxy M56 5G (Black, 128 GB)","₹30,999",8 GB RAM | 128 GB ROM17.02 cm (6.7 inch) Full HD+ E3 Super AMOLED Display50MP + 50MP + 8MP | 12MP + 2MP Dual Front Camera5000 mAh BatteryOCTACORE Processorone-year warranty covering the device itself,4.4
149,"Samsung Galaxy A56 5G (Awesome Graphite, 256 GB)","₹42,990",12 GB RAM | 256 GB ROM17.02 cm (6.7 inch) Full HD+ Display50MP + 12MP + 5MP | 12MP Front Camera5000 mAh BatteryExynos 1580 Processor1 Year Manufacturer Warranty for Device and 6 Months for In-Box Accessories,4.4
150,"Samsung Galaxy S24 Ultra 5G (Titanium Black, 256 GB)","₹99,989",12 GB RAM | 256 GB ROM17.27 cm (6.8 inch) Quad HD+ Display200MP + 50MP + 12MP + 10MP | 12MP Front Camera5000 mAh BatterySnapdragon 8 Gen 3 Processor1 Year Manufacturer Warranty for Device and 6 Months for In-Box Accessories,4.6
151,"Mi 10T (Cosmic Black, 128 GB)","₹35,999",6 GB RAM | 128 GB ROM16.94 cm (6.67 inch) Full HD+ Display64MP + 13MP + 5MP | 20MP Front Camera5000 mAh Li-ion Polymer BatteryQualcomm Snapdragon 865 Processor144Hz Intelligent AdaptiveSync Display33W Dual Split Flash Charge1 Year Manufacturer Warranty for Device and 6 Months Manufacturer Warranty for In-box Accessories,4.2
152,"Google Pixel 10 (Frost, 256 GB)","₹74,999",12 GB RAM | 256 GB ROM16.0 cm (6.3 inch) Quad HD+ Display48MP + 13MP + 10.8MP | 10.5MP Front Camera4970 mAh BatteryTensor G5 Processor1 Year Domestic Warranty,4.5
153,"Apple iPhone 17 (Sage, 512 GB)","₹1,02,900","512 GB ROM16.0 cm (6.3 inch) Super Retina XDR Display48MP + 48MP | 18MP Front CameraA19 Chip, 6 Core Processor ProcessorApple One (1) Year Limited Warranty",4.7
154,"realme 16 Pro+ 5G (Master Gold, 128 GB)","₹39,999",8 GB RAM | 128 GB ROM17.27 cm (6.8 inch) Full HD+ AMOLED Display200MP + 50MP + 8MP | 50MP Front Camera7000 mAh Battery7 Gen 4 Processor1 Year Manufacturer Warranty for Phone and 6 Months Warranty for In-Box Accessories,4.4
155,"realme 16 Pro+ 5G (Master Grey, 256 GB)","₹41,999",8 GB RAM | 256 GB ROM17.27 cm (6.8 inch) Full HD+ AMOLED Display200MP + 50MP + 8MP | 50MP Front Camera7000 mAh Battery7 Gen 4 Processor1 Year Manufacturer Warranty for Phone and 6 Months Warranty for In-Box Accessories,4.4
156,"realme 16 Pro+ 5G (Master Gold, 256 GB)","₹41,999",8 GB RAM | 256 GB ROM17.27 cm (6.8 inch) Full HD+ AMOLED Display200MP + 50MP + 8MP | 50MP Front Camera7000 mAh Battery7 Gen 4 Processor1 Year Manufacturer Warranty for Phone and 6 Months Warranty for In-Box Accessories,4.4
157,"Apple iPhone 14 (Starlight, 256 GB)","₹64,900","256 GB ROM15.49 cm (6.1 inch) Super Retina XDR Display12MP + 12MP | 12MP Front CameraA15 Bionic Chip, 6 Core Processor Processor1 year warranty for phone and 1 year warranty for in Box Accessories.",4.6
158,"realme GT 7T (Racing Yellow, 256 GB)","₹34,999",8 GB RAM | 256 GB ROM17.27 cm (6.8 inch) Full HD+ AMOLED Display50MP + 8MP | 32MP Front Camera7000 mAh Li-ion BatteryDimensity 8400-MAX Processorstandard 1-year warranty for the device  and a 6-month warranty for accessories,4.4
159,"MOTOROLA Edge 60 Pro (Pantone Dazzling Blue, 256 GB)","₹33,999",12 GB RAM | 256 GB ROM17.02 cm (6.7 inch) Display50MP + 50MP + 10MP | 50MP Front Camera6000 mAh BatteryDimensity 8350 Processor1 Year Warranty on Handset and 6 Months Warranty on Accessories,4.3
160,"realme 15 Pro 5G (Silk Purple, 256 GB)","₹37,999",12 GB RAM | 256 GB ROM17.27 cm (6.8 inch) Display50MP + 50MP | 50MP Front Camera7000 mAh BatterySnapdragon 7 Gen 4 Processor1 Year Manufacturer Warranty for Device and 6 Months Manufacturer Warranty for Inbox Accessories,4.4
161,"realme 15 Pro 5G (Flowing Silver, 256 GB)","₹37,999",12 GB RAM | 256 GB ROM17.27 cm (6.8 inch) Display50MP + 50MP | 50MP Front Camera7000 mAh BatterySnapdragon 7 Gen 4 Processor1 Year Manufacturer Warranty for Device and 6 Months Manufacturer Warranty for Inbox Accessories,4.4
162,"OnePlus 15 5G (Infinite Black, 512 GB)","₹81,299",16 GB RAM | 512 GB ROM17.22 cm (6.78 inch) Display50MP Rear Camera7300 mAh Battery12 months manufacturer warranty,4.7
163,"vivo V60 5G (Auspicious Gold, 256 GB)","₹40,999",12 GB RAM | 256 GB ROM17.2 cm (6.77 inch) Display50MP + 8MP + 50MP | 50MP Front Camera6500 mAh Battery7 Gen 4 Processor1 Year Manufacturer Warranty for Device and 6 Months Manufacturer Warranty for Inbox Accessories,4.5
164,"Samsung Galaxy S25 Edge 5G (Titanium Jetblack, 256 GB)","₹89,999",12 GB RAM | 256 GB ROM16.91 cm (6.657 inch) Quad HD+ Display200MP + 12MP | 12MP Front Camera3900 mAh BatteryQualcomm Snapdragon 8 Elite for Galaxy Processor1 Year Manufacturer Warranty for Device and 6 Months for In-Box Accessories,4.7
165,"Samsung Galaxy A55 5G (Awesome Iceblue, 256 GB)","₹37,990",12 GB RAM | 256 GB ROM | Expandable Upto 1 TB16.76 cm (6.6 inch) Full HD+ Display50MP + 12MP + 5MP | 32MP Front Camera5000 mAh BatteryExynos 1480 Processor1 Year Manufacturer Warranty for Device and 6 Months for In-Box Accessories,4.3
166,"vivo V60 5G (Mist Gray, 512 GB)","₹45,999",16 GB RAM | 512 GB ROM17.2 cm (6.77 inch) Display50MP + 8MP + 50MP | 50MP Front Camera6500 mAh Battery7 Gen 4 Processor1 Year Manufacturer Warranty for Device and 6 Months Manufacturer Warranty for Inbox Accessories,4.5
167,"OnePlus 11 5G (Eternal Green, 256 GB)","₹38,995",16 GB RAM | 256 GB ROM17.02 cm (6.7 inch) Display50MP Rear Camera5000 mAh Batterydomestic warranty of 12 months on phone & 6 months on accessories,4.5
168,"vivo X300 (Mist Blue, 512 GB)","₹85,999",16 GB RAM | 512 GB ROM40.74 cm (16.04 cm) Display200MP + 50MP + 50MP | 50MP Front Camera6040 mAh BatteryDimensity 9500 Processor1 Year Warranty on Handset and 6 Months Warranty on Accessories,4.3
169,"vivo V60 5G (Auspicious Gold, 256 GB)","₹38,999",8 GB RAM | 256 GB ROM17.2 cm (6.77 inch) Display50MP + 8MP + 50MP | 50MP Front Camera6500 mAh Battery7 Gen 4 Processor1 Year Manufacturer Warranty for Device and 6 Months Manufacturer Warranty for Inbox Accessories,4.5
170,"realme 15 Pro 5G (Flowing Silver, 512 GB)","₹40,999",12 GB RAM | 512 GB ROM17.27 cm (6.8 inch) Display50MP + 50MP | 50MP Front Camera7000 mAh BatterySnapdragon 7 Gen 4 Processor1 Year Manufacturer Warranty for Device and 6 Months Manufacturer Warranty for Inbox Accessories,4.4
171,"POCO F7 5G (Phantom Black, 256 GB)","₹31,999","12 GB RAM | 256 GB ROM17.35 cm (6.83 inch) Display50MP Rear Camera | 20MP Front Camera7550 mAh Li-Polymer + Silicon Carbon Battery8s Gen 4 ProcessorRear Camera -50MP Main Camera -8MP Ultra-wide Camera with night mode and ultra-wide video recordingFront camera -20MP with Portrait Mode | | Front Video Recording | Night ModeDisplay -6.83 inch 1.5K pOLED with 120 Hz refresh rateBattery 7550mAh, 90W charger, 22.5W reverse charging1 Year Manufacturer Warranty for Phone and 6 Months Warranty for In the Box Accessories",4.4
172,"vivo V50 5G (Starry Night, 512 GB)","₹38,999",12 GB RAM | 512 GB ROM17.2 cm (6.77 inch) Display50MP + 50MP | 50MP Front Camera6000 mAh Battery7 Gen 3 Processor1 Year Manufacturer Warranty for Device and 6 Months Warranty for Inbox Accessories,4.5
173,"Samsung Galaxy S25 FE 5G (Navy, 128 GB)","₹59,999",8 GB RAM | 128 GB ROM17.02 cm (6.7 inch) Full HD+ Display50MP + 12MP + 8MP | 12MP Front Camera4900 mAh Li-ion BatteryExynos 2400 Processor1 Year Manufacturer Warranty for Device and 6 Months for In-Box Accessories,4.6
174,"Samsung Galaxy Z Flip5 (Mint, 256 GB)","₹62,999",8 GB RAM | 256 GB ROM17.02 cm (6.7 inch) Display12MP + 12MP | 10MP Front Camera3700 mAh BatterySnapdragon 8 Gen 2 Processor1 Year Manufacturer Warranty for Device and 6 Months Manufacturer Warranty for In-Box Accessories,4.4
175,"Samsung Galaxy S25 FE 5G (Jetblack, 128 GB)","₹59,999",8 GB RAM | 128 GB ROM17.02 cm (6.7 inch) Full HD+ Display50MP + 12MP + 8MP | 12MP Front Camera4900 mAh Li-ion BatteryExynos 2400 Processor1 Year Manufacturer Warranty for Device and 6 Months for In-Box Accessories,4.6
176,"vivo V50 5G (Titanium Grey, 256 GB)","₹34,999",8 GB RAM | 256 GB ROM17.2 cm (6.77 inch) Display50MP + 50MP | 50MP Front Camera6000 mAh Battery7 Gen 3 Processor1 Year Manufacturer Warranty for Device and 6 Months Warranty for Inbox Accessories,4.5
177,"Samsung Galaxy S25 Ultra 5G (Titanium Silverblue, 256 GB)","₹1,09,988",12 GB RAM | 256 GB ROM17.53 cm (6.9 inch) Quad HD+ Display200MP + 50MP + 50MP + 10MP | 12MP Front Camera5000 mAh Battery8 Elite for Galaxy Processor1 Year Manufacturer Warranty for Device and 6 Months for In-Box Accessories,4.6
178,"Google Pixel 10 Pro (Moonstone, 256 GB)","₹1,09,999",16 GB RAM | 256 GB ROM16.0 cm (6.3 inch) Quad HD+ Display48MP + 48MP + 48MP | 42MP Front Camera4870 mAh BatteryTensor G5 Processor1 Year Domestic Warranty,4.6
179,"IQOO 15 5G (Legend, 256 GB)","₹72,099",12 GB RAM | 256 GB ROM17.4 cm (6.85 inch) Display50MP Rear Camera7000 mAh Battery1 year manufacturer warranty for device and 6 months manufacturer warranty for in-box accessories including batteries from the date of purchase,4.7
180,"OPPO Reno14 5G (Forest Green, 256 GB)","₹41,209",8 GB RAM | 256 GB ROM16.74 cm (6.59 inch) Display50MP + 8MP + 50MP | 50MP Front Camera6000 mAh BatteryDimensity 8350 Processor1 Year Manufacturer Warranty for Device and 6 Months Manufacturer Warranty for Inbox Accessories,4.5
181,"OPPO Reno14 5G (Mint Green, 256 GB)","₹41,000",8 GB RAM | 256 GB ROM16.74 cm (6.59 inch) Display50MP + 8MP + 50MP | 50MP Front Camera6000 mAh BatteryDimensity 8350 Processor1 Year Manufacturer Warranty for Device and 6 Months Manufacturer Warranty for Inbox Accessories,4.5
182,"vivo V60 5G (Mist Gray, 128 GB)","₹36,999",8 GB RAM | 128 GB ROM17.2 cm (6.77 inch) Display50MP + 8MP + 50MP | 50MP Front Camera6500 mAh Battery7 Gen 4 Processor1 Year Manufacturer Warranty for Device and 6 Months Manufacturer Warranty for Inbox Accessories,4.5
183,"realme 15 Pro 5G (Velvet Green, 256 GB)","₹37,999",12 GB RAM | 256 GB ROM17.27 cm (6.8 inch) Display50MP + 50MP | 50MP Front Camera7000 mAh BatterySnapdragon 7 Gen 4 Processor1 Year Manufacturer Warranty for Device and 6 Months Manufacturer Warranty for Inbox Accessories,4.4
184,"realme 15 Pro 5G (Flowing Silver, 256 GB)","₹35,999",8 GB RAM | 256 GB ROM17.27 cm (6.8 inch) Display50MP + 50MP | 50MP Front Camera7000 mAh BatterySnapdragon 7 Gen 4 Processor1 Year Manufacturer Warranty for Device and 6 Months Manufacturer Warranty for Inbox Accessories,4.3
185,"realme 15 Pro 5G (Velvet Green, 256 GB)","₹35,999",8 GB RAM | 256 GB ROM17.27 cm (6.8 inch) Display50MP + 50MP | 50MP Front Camera7000 mAh BatterySnapdragon 7 Gen 4 Processor1 Year Manufacturer Warranty for Device and 6 Months Manufacturer Warranty for Inbox Accessories,4.3
186,"realme 15 Pro 5G (Silk Purple, 256 GB)","₹35,999",8 GB RAM | 256 GB ROM17.27 cm (6.8 inch) Display50MP + 50MP | 50MP Front Camera7000 mAh BatterySnapdragon 7 Gen 4 Processor1 Year Manufacturer Warranty for Device and 6 Months Manufacturer Warranty for Inbox Accessories,4.3
187,"realme 15 Pro 5G (Flowing Silver, 128 GB)","₹33,999",8 GB RAM | 128 GB ROM17.27 cm (6.8 inch) Display50MP + 50MP | 50MP Front Camera7000 mAh BatterySnapdragon 7 Gen 4 Processor1 Year Manufacturer Warranty for Device and 6 Months Manufacturer Warranty for Inbox Accessories,4.3
188,"OPPO Reno14 5G (Pearl White, 512 GB)","₹47,995",12 GB RAM | 512 GB ROM16.74 cm (6.59 inch) Display50MP + 8MP + 50MP | 50MP Front Camera6000 mAh BatteryDimensity 8350 Processor1 Year Manufacturer Warranty for Device and 6 Months Manufacturer Warranty for Inbox Accessories,4.5
189,"Apple iPhone 17 (White, 512 GB)","₹1,02,900","512 GB ROM16.0 cm (6.3 inch) Super Retina XDR Display48MP + 48MP | 18MP Front CameraA19 Chip, 6 Core Processor ProcessorApple One (1) Year Limited Warranty",4.7
190,"Samsung Galaxy S25 Ultra 5G (Titanium Whitesilver, 256 GB)","₹1,09,999",12 GB RAM | 256 GB ROM17.53 cm (6.9 inch) Quad HD+ Display200MP + 50MP + 50MP + 10MP | 12MP Front Camera5000 mAh Battery8 Elite for Galaxy Processor1 Year Manufacturer Warranty for Device and 6 Months for In-Box Accessories,4.6
191,"IQOO 15 5G (Alpha, 256 GB)","₹71,882",12 GB RAM | 256 GB ROM17.4 cm (6.85 inch) Display50MP Rear Camera7000 mAh Battery1 year manufacturer warranty for device and 6 months manufacturer warranty for in-box accessories including batteries from the date of purchase,4.7
192,"vivo V50 5G (Titanium Grey, 512 GB)","₹38,899",12 GB RAM | 512 GB ROM17.2 cm (6.77 inch) Display50MP + 50MP | 50MP Front Camera6000 mAh Battery7 Gen 3 Processor1 Year Manufacturer Warranty for Device and 6 Months Warranty for Inbox Accessories,4.5
193,"OPPO RENO 13 5G (Luminous Blue, 128 GB)","₹34,999",8 GB RAM | 128 GB ROM16.74 cm (6.59 inch) Display50MP Rear Camera5600 mAh Battery1 Year Warranty on Handset and 6 Months Warranty on Accessories,4.2
194,"vivo V50 5G (Titanium Grey, 128 GB)","₹32,498",8 GB RAM | 128 GB ROM17.2 cm (6.77 inch) Display50MP + 50MP | 50MP Front Camera6000 mAh Battery7 Gen 3 Processor1 Year Manufacturer Warranty for Device and 6 Months Warranty for Inbox Accessories,4.5
195,"Google Pixel 8a (Bay, 128 GB)","₹39,999",8 GB RAM | 128 GB ROM15.49 cm (6.1 inch) Full HD+ Display64MP + 13MP | 13MP Front Camera4404 mAh BatteryTensor G3 Processor1 Year Domestic Warranty,4.3
196,"Apple iPhone Air (Sky Blue, 256 GB)","₹1,19,900","256 GB ROM16.51 cm (6.5 inch) Super Retina XDR Display48MP Rear Camera | 18MP Front CameraA19 Chip, 6 Core Processor ProcessorApple One (1) Year Limited Warranty",4.7
197,"vivo V60 5G (Moonlit Blue, 256 GB)","₹34,978",8 GB RAM | 256 GB ROM17.2 cm (6.77 inch) Display50MP + 8MP + 50MP | 50MP Front Camera6500 mAh Battery7 Gen 4 Processor1 Year Manufacturer Warranty for Device and 6 Months Manufacturer Warranty for Inbox Accessories,4.5
198,"OPPO Reno14 5G (Forest Green, 256 GB)","₹41,210",8 GB RAM | 256 GB ROM16.74 cm (6.59 inch) Display50MP + 8MP + 50MP | 50MP Front Camera6000 mAh BatteryDimensity 8350 Processor1 Year Manufacturer Warranty for Device and 6 Months Manufacturer Warranty for Inbox Accessories,4.5
199,"vivo V50 5G (Rose Red, 256 GB)","₹34,499",8 GB RAM | 256 GB ROM17.2 cm (6.77 inch) Display50MP + 50MP | 50MP Front Camera6000 mAh Battery7 Gen 3 Processor1 Year Manufacturer Warranty for Device and 6 Months Warranty for Inbox Accessories,4.5
200,"OPPO Reno 12 Pro 5G (Space Brown, 512 GB)","₹55,999",12 GB RAM | 512 GB ROM | Expandable Upto 1 TB17.02 cm (6.7 inch) Full HD+ Display50MP + 8MP + 50MP | 50MP Front Camera5000 mAh BatteryDimensity 7300 Energy Processor1 Year Manufacturer Warranty for Device and 6 Months Manufacturer Warranty for Inbox Accessories,4.4
201,"vivo V50 5G (Rose Red, 128 GB)","₹30,899",8 GB RAM | 128 GB ROM17.2 cm (6.77 inch) Display50MP + 50MP | 50MP Front Camera6000 mAh Battery7 Gen 3 Processor1 Year Manufacturer Warranty for Device and 6 Months Warranty for Inbox Accessories,4.5
202,"OPPO F27 Pro+ (Dusk Pink, 256 GB)","₹34,999",8 GB RAM | 256 GB ROM17.02 cm (6.7 inch) Full HD+ Display64MP + 2MP | 8MP Front Camera5000 mAh BatteryDimensity 7050 Processor1 Year Manufacturer Warranty for Device and 6 Months Manufacturer Warranty for Inbox Accessories,4.4
203,"OPPO F27 Pro+ (Dusk Pink, 128 GB)","₹32,999",8 GB RAM | 128 GB ROM17.02 cm (6.7 inch) Full HD+ Display64MP + 2MP | 8MP Front Camera5000 mAh BatteryDimensity 7050 Processor1 Year Manufacturer Warranty for Device and 6 Months Manufacturer Warranty for Inbox Accessories,4.4
204,"OPPO F27 Pro+ (Midnight Navy, 128 GB)","₹32,999",8 GB RAM | 128 GB ROM17.02 cm (6.7 inch) Full HD+ Display64MP + 2MP | 8MP Front Camera5000 mAh BatteryDimensity 7050 Processor1 Year Manufacturer Warranty for Device and 6 Months Manufacturer Warranty for Inbox Accessories,4.4
205,"OPPO Reno13 5G (Ivory White, 128 GB)","₹41,999",8 GB RAM | 128 GB ROM16.74 cm (6.59 inch) Display50MP + 8MP + 2MP | 50MP Front Camera5600 mAh BatteryDimensity 8350 Processor1 Year Warranty on Handset and 6 Months Warranty on Accessories,4.4
206,"vivo V60 5G (Mist Gray, 256 GB)","₹38,999",8 GB RAM | 256 GB ROM17.2 cm (6.77 inch) Display50MP + 8MP + 50MP | 50MP Front Camera6500 mAh Battery7 Gen 4 Processor1 Year Manufacturer Warranty for Device and 6 Months Manufacturer Warranty for Inbox Accessories,4.5
207,"OnePlus 10T 5G (Jade Green, 256 GB)","₹35,553",12 GB RAM | 256 GB ROM17.02 cm (6.7 inch) Display50MP Rear Camera4800 mAh Battery1 year manufacturer warranty for device and 6 months manufacturer warranty for in-box accessories including batteries from the date of purchase,4.1
208,"OnePlus 11 5G (Titan Black, 128 GB)","₹32,792",8 GB RAM | 128 GB ROM17.02 cm (6.7 inch) Display50MP Rear Camera | 16MP Front Camera5000 mAh Batterydomestic warranty of 12 months on phone & 6 months on accessories,4.4
209,"OPPO Reno11 5G (Rock Grey, 128 GB)","₹38,999",8 GB RAM | 128 GB ROM | Expandable Upto 2 TB17.02 cm (6.7 inch) Full HD+ Display50MP + 8MP + 32MP | 32MP Front Camera5000 mAh BatteryMediatek Dimensity 7050 Processor1 Year Manufacturer Warranty for Device and 6 Months Manufacturer Warranty for Inbox Accessories,4.3
210,"OnePlus 11 5G (Eternal Green, 128 GB)","₹32,240",8 GB RAM | 128 GB ROM17.02 cm (6.7 inch) Display50MP Rear Camera | 16MP Front Camera5000 mAh Batterydomestic warranty of 12 months on phone & 6 months on accessories,4.4
211,"vivo V50 5G (Rose Red, 512 GB)","₹38,899",12 GB RAM | 512 GB ROM17.2 cm (6.77 inch) Display50MP + 50MP | 50MP Front Camera6000 mAh Battery7 Gen 3 Processor1 Year Manufacturer Warranty for Device and 6 Months Warranty for Inbox Accessories,4.5
212,"OnePlus 12 (Glacial White, 256 GB)","₹46,987",12 GB RAM | 256 GB ROM17.32 cm (6.82 inch) Full HD+ AMOLED Display50MP Rear Camera5400 mAh BatteryQualcomm SM8650-AB Snapdragon 8 Gen 3 (4 nm) Processor1 Year manufacturer warranty for device and 1 year manufacturer warranty for in-box accessories including batteries from the date of purchase,4.6
213,"OPPO F31 Pro+ 5G (Himalayan White, 256 GB)","₹32,999",8 GB RAM | 256 GB ROM17.27 cm (6.8 inch) Full HD+ Display50MP + 2MP | 32MP Front Camera7000 mAh Battery7 Gen 3 Mobile Platform Processor1 Year brand warranty,4.4
214,"vivo V50 5G (Starry Night, 256 GB)","₹33,673",8 GB RAM | 256 GB ROM17.2 cm (6.77 inch) Display50MP + 50MP | 50MP Front Camera6000 mAh Battery7 Gen 3 Processor1 Year Manufacturer Warranty for Device and 6 Months Warranty for Inbox Accessories,4.5
215,"Apple iPhone 16e (Black, 128 GB)","₹59,900","128 GB ROM15.49 cm (6.1 inch) Super Retina XDR Display48MP Rear Camera | 12MP Front CameraA18 Chip, 6 Core Processor1 year warranty for phone and 1 year warranty for in Box Accessories.",4.5
216,"Samsung Galaxy S25 5G (Navy, 256 GB)","₹80,999",12 GB RAM | 256 GB ROM15.75 cm (6.2 inch) Full HD+ Display50MP + 10MP + 12MP | 12MP Front Camera4000 mAh Battery8 Elite for Galaxy Processor1 Year Manufacturer Warranty for Device and 6 Months for In-Box Accessories,4.6
217,"OPPO Reno 12 Pro 5G (Space Brown, 256 GB)","₹40,999",12 GB RAM | 256 GB ROM | Expandable Upto 1 TB17.02 cm (6.7 inch) Full HD+ Display50MP + 8MP + 50MP | 50MP Front Camera5000 mAh BatteryDimensity 7300 Energy Processor1 Year Manufacturer Warranty for Device and 6 Months Manufacturer Warranty for Inbox Accessories,4.4
218,"OPPO F31 Pro+ 5G (Festival Pink, 256 GB)","₹34,999",12 GB RAM | 256 GB ROM17.27 cm (6.8 inch) Full HD+ Display50MP + 2MP | 32MP Front Camera7000 mAh Battery7 Gen 3 Mobile Platform Processor1 Year brand warranty,4.3
219,"OPPO Reno10 Pro 5G (Glossy Purple, 256 GB)","₹44,999",12 GB RAM | 256 GB ROM17.02 cm (6.7 inch) Full HD+ Display50MP + 32MP + 8MP | 32MP Front Camera4600 mAh BatterySnapdragon 778G 5G Processor1 Year Manufacturer Warranty for Phone and 6 Months Warranty for In the Box Accessories,4.3
220,"OPPO Reno10 Pro 5G (Silvery Grey, 256 GB)","₹30,999",12 GB RAM | 256 GB ROM17.02 cm (6.7 inch) Full HD+ Display50MP + 32MP + 8MP | 32MP Front Camera4600 mAh BatterySnapdragon 778G 5G Processor1 Year Manufacturer Warranty for Phone and 6 Months Warranty for In the Box Accessories,4.3
221,"OPPO K13 Turbo Pro 5G (Silver Knight, 256 GB)","₹36,999",12 GB RAM | 256 GB ROM17.27 cm (6.8 inch) Full HD+ Display50MP + 2MP | 16MP Front Camera7000 mAh Battery8s Gen 4 Mobile Platform Processor1 Year Manufacturer Warranty for Device and 6 Months Manufacturer Warranty for Inbox Accessories,4.4
222,"OPPO K13 Turbo Pro 5G (Purple Phantom, 256 GB)","₹36,999",12 GB RAM | 256 GB ROM17.27 cm (6.8 inch) Full HD+ Display50MP + 2MP | 16MP Front Camera7000 mAh Battery8s Gen 4 Mobile Platform Processor1 Year Manufacturer Warranty for Device and 6 Months Manufacturer Warranty for Inbox Accessories,4.4
223,"Samsung Galaxy A54 5G (Awesome Violet, 256 GB)","₹31,999","8 GB RAM | 256 GB ROM | Expandable Upto 1 TB16.26 cm (6.4 inch) Full HD+ Display50MP + 12MP + 5MP | 32MP Front Camera5000 mAh BatteryExynos 1380, Octa Core Processor1 Year Manufacturer Warranty for Device and 6 Months Manufacturer Warranty for In-Box Accessories",4.3
224,"vivo X200 FE (Amber Yellow, 256 GB)","₹59,999",12 GB RAM | 256 GB ROM16.03 cm (6.31 inch) Display50MP + 8MP + 50MP | 50MP Front Camera6500 mAh BatteryDimensity 9300+ Processor1 Year Manufacturer Warranty for Device and 6 Months Manufacturer Warranty for Inbox Accessories,4.6
225,"Google Pixel 10 Pro (Obsidian, 256 GB)","₹1,09,999",16 GB RAM | 256 GB ROM16.0 cm (6.3 inch) Quad HD+ Display48MP + 48MP + 48MP | 42MP Front Camera4870 mAh BatteryTensor G5 Processor1 Year Domestic Warranty,4.6
226,"IQOO 15 5G (Alpha, 512 GB)","₹79,491",16 GB RAM | 512 GB ROM17.4 cm (6.85 inch) Display50MP Rear Camera7000 mAh Battery1 year manufacturer warranty for device and 6 months manufacturer warranty for in-box accessories including batteries from the date of purchase,4.5
227,"OPPO K13 Turbo Pro 5G (Purple Phantom, 256 GB)","₹34,999",8 GB RAM | 256 GB ROM17.27 cm (6.8 inch) Full HD+ Display50MP + 2MP | 16MP Front Camera7000 mAh Battery8s Gen 4 Mobile Platform Processor1 Year Manufacturer Warranty for Device and 6 Months Manufacturer Warranty for Inbox Accessories,4.2
228,"Samsung Galaxy S24 5G Snapdragon (Marble Gray, 128 GB)","₹49,999",8 GB RAM | 128 GB ROM15.75 cm (6.2 inch) Full HD+ Display50MP + 12MP | 12MP Front Camera4000 mAh Battery8 Gen 3 Processor1 Year Manufacturer Warranty for Device and 6 Months for In-Box Accessories,4.6
229,"OPPO K13 Turbo Pro 5G (Midnight Maverick, 256 GB)","₹34,999",8 GB RAM | 256 GB ROM17.27 cm (6.8 inch) Full HD+ Display50MP + 2MP | 16MP Front Camera7000 mAh Battery8s Gen 4 Mobile Platform Processor1 Year Manufacturer Warranty for Device and 6 Months Manufacturer Warranty for Inbox Accessories,4.2
230,"IQOO 15 5G (Legend, 512 GB)","₹81,576",16 GB RAM | 512 GB ROM17.4 cm (6.85 inch) Display50MP Rear Camera7000 mAh Battery1 year manufacturer warranty for device and 6 months manufacturer warranty for in-box accessories including batteries from the date of purchase,4.5
231,"Samsung Galaxy A56 5G (Awesome Olive, 256 GB)","₹43,999",8 GB RAM | 256 GB ROM17.02 cm (6.7 inch) Full HD+ Display50MP + 12MP + 5MP | 12MP Front Camera5000 mAh BatterySamsung Exynos 1580 Processor1 Year Manufacturer Warranty for Device and 6 Months for In-Box Accessories,4.4
232,"Xiaomi 14 CIVI (Panda White, 512 GB)","₹36,999",12 GB RAM | 512 GB ROM16.64 cm (6.55 inch) Display50MP Rear Camera | 32MP + 32MP Dual Front Camera4700 mAh Battery8s Gen 3 Mobile Platform Processor1 Year Manufacturer Warranty for Phone and 6 Months Warranty for In the Box Accessories,4.3
233,"vivo V50 5G (Rose Red, 128 GB)","₹31,499",8 GB RAM | 128 GB ROM17.2 cm (6.77 inch) Display50MP + 50MP | 50MP Front Camera6000 mAh Battery7 Gen 3 Processor1 Year Manufacturer Warranty for Device and 6 Months Warranty for Inbox Accessories,4.5
234,"OPPO Reno8T 5G (Midnight Black, 128 GB)","₹27,299",8 GB RAM | 128 GB ROM | Expandable Upto 1 TB17.02 cm (6.7 inch) Full HD+ Display108MP + 2MP + 2MP | 32MP Front Camera4800 mAh Lithium-ion Polymer BatteryQualcomm Snapdragon 695 Processor67W SUPERVOOC TM Charger I Dual Stereo Speakers120Hz 3D Curved AMOLED Screen1 Year on Handset and 6 Months on Accessories,4.3
235,"Google Pixel 10 Pro (Jade, 256 GB)","₹1,09,999",16 GB RAM | 256 GB ROM16.0 cm (6.3 inch) Quad HD+ Display48MP + 48MP + 48MP | 42MP Front Camera4870 mAh BatteryTensor G5 Processor1 Year Domestic Warranty,4.6
236,"Google Pixel 6a (Chalk, 128 GB)","₹38,484",6 GB RAM | 128 GB ROM15.6 cm (6.14 inch) Full HD+ Display12.2MP + 12MP | 8MP Front Camera4410 mAh BatteryGoogle Tensor Processor1 Year Brand Warranty,4.3
237,"vivo V50 5G (Titanium Grey, 128 GB)","₹32,499",8 GB RAM | 128 GB ROM17.2 cm (6.77 inch) Display50MP + 50MP | 50MP Front Camera6000 mAh Battery7 Gen 3 Processor1 Year Manufacturer Warranty for Device and 6 Months Warranty for Inbox Accessories,4.5
238,"OPPO Reno13 5G (Blue, 128 GB)","₹31,990",8 GB RAM | 128 GB ROM16.74 cm (6.59 inch) Display50MP + 8MP + 2MP | 50MP Front Camera5600 mAh BatteryDimensity 8350 Processor1 Year Warranty on Handset and 6 Months Warranty on Accessories,4.4
239,"Apple iPhone 16e (White, 256 GB)","₹69,900","256 GB ROM15.49 cm (6.1 inch) Super Retina XDR Display48MP Rear Camera | 12MP Front CameraA18 Chip, 6 Core Processor1 year warranty for phone and 1 year warranty for in Box Accessories.",4.5
240,"Apple iPhone 16e (White, 256 GB)","₹69,900","256 GB ROM15.49 cm (6.1 inch) Super Retina XDR Display48MP Rear Camera | 12MP Front CameraA18 Chip, 6 Core Processor1 year warranty for phone and 1 year warranty for in Box Accessories.",4.5
241,"Google Pixel 6a (Chalk, 128 GB)","₹38,484",6 GB RAM | 128 GB ROM15.6 cm (6.14 inch) Full HD+ Display12.2MP + 12MP | 8MP Front Camera4410 mAh BatteryGoogle Tensor Processor1 Year Brand Warranty,4.3
242,"vivo V50 5G (Titanium Grey, 128 GB)","₹32,499",8 GB RAM | 128 GB ROM17.2 cm (6.77 inch) Display50MP + 50MP | 50MP Front Camera6000 mAh Battery7 Gen 3 Processor1 Year Manufacturer Warranty for Device and 6 Months Warranty for Inbox Accessories,4.5
243,"OPPO Reno13 5G (Blue, 128 GB)","₹31,990",8 GB RAM | 128 GB ROM16.74 cm (6.59 inch) Display50MP + 8MP + 2MP | 50MP Front Camera5600 mAh BatteryDimensity 8350 Processor1 Year Warranty on Handset and 6 Months Warranty on Accessories,4.4
244,"OnePlus 13 (Arctic Dawn, 512 GB)","₹69,999","16 GB RAM | 512 GB ROM17.32 cm (6.82 inch) Quad HD+ Display50MP + 50MP + 50MP | 32MP Front Camera6000 mAh BatterySnapdragon® 8 Elite Processor1 Year Warranty
1 year manufacturer warranty for device and 1 year manufacturer warranty for in-box accessories including batteries from the date of purchase",4.6
245,"OPPO F27 Pro+ (Midnight Navy, 256 GB)","₹34,999",8 GB RAM | 256 GB ROM17.02 cm (6.7 inch) Full HD+ Display64MP + 2MP | 8MP Front Camera5000 mAh BatteryDimensity 7050 Processor1 Year Manufacturer Warranty for Device and 6 Months Manufacturer Warranty for Inbox Accessories,4.4
246,"Apple iPhone 16 Plus (White, 256 GB)","₹89,900","256 GB ROM17.02 cm (6.7 inch) Super Retina XDR Display48MP + 12MP | 12MP Front CameraA18 Chip, 6 Core Processor Processor1 year warranty for phone and 1 year warranty for in Box Accessories.",4.6
247,"Samsung Galaxy A56 5G (Awesome Olive, 128 GB)","₹40,999",8 GB RAM | 128 GB ROM17.02 cm (6.7 inch) Full HD+ Display50MP + 12MP + 5MP | 12MP Front Camera5000 mAh BatterySamsng Exynos 1580 Processor1 Year Manufacturer Warranty for Device and 6 Months for In-Box Accessories,4.4
248,"REDMI Note-14 Pro+ 5G (Phantom Purple, 512 GB)","₹32,999",12 GB RAM | 512 GB ROM16.94 cm (6.67 inch) Display50MP + 50MP + 8MP | 20MP Front Camera6200 mAh Battery7s Gen 3 Processor1 Year Manufacturer Warranty for Phone and 6 Months Warranty for In the Box Accessories,4.4
249,"realme GT 8 Pro (Urban Blue, 256 GB)","₹72,999",12 GB RAM | 256 GB ROM17.25 cm (6.79 inch) Quad HD+ Display50MP + 50MP + 200MP | 32MP Front Camera7000 mAh Battery8 Elite Gen 5 Processor1 Year Manufacturer Warranty for Phone and 6 Months Warranty for In-Box Accessories,4.8
250,"realme GT 8 Pro (Diary White, 256 GB)","₹72,999",12 GB RAM | 256 GB ROM17.25 cm (6.79 inch) Quad HD+ Display50MP + 50MP + 200MP | 32MP Front Camera7000 mAh Battery8 Elite Gen 5 Processor1 Year Manufacturer Warranty for Phone and 6 Months Warranty for In-Box Accessories,4.8
251,"realme GT 8 Pro (Diary White, 512 GB)","₹78,999",16 GB RAM | 512 GB ROM17.25 cm (6.79 inch) Quad HD+ Display50MP + 50MP + 200MP | 32MP Front Camera7000 mAh Battery8 Elite Gen 5 Processor1 Year Manufacturer Warranty for Phone and 6 Months Warranty for In-Box Accessories,4.6
252,"realme GT 8 Pro (Aston Martin Racing Green, 512 GB)","₹79,999",16 GB RAM | 512 GB ROM17.25 cm (6.79 inch) Quad HD+ Display50MP + 50MP + 200MP | 32MP Front Camera7000 mAh Battery8 Elite Gen 5 Processor1 Year Manufacturer Warranty for Phone and 6 Months Warranty for In-Box Accessories,4.6
253,"OnePlus 13 (Black Eclipse, 512 GB)","₹71,963","16 GB RAM | 512 GB ROM17.32 cm (6.82 inch) Quad HD+ Display50MP + 50MP + 50MP | 32MP Front Camera6000 mAh BatterySnapdragon® 8 Elite Processor1 Year Warranty
1 year manufacturer warranty for device and 1 year manufacturer warranty for in-box accessories including batteries from the date of purchase",4.6
254,"Samsung Galaxy A36 5G (Awesome Lavender, 256 GB)","₹38,499",12 GB RAM | 256 GB ROM17.02 cm (6.7 inch) Full HD+ Display50MP + 8MP | 12MP Front Camera5000 mAh BatteryQualcomm Snapdragon 6 Gen 3 Processor1 Year Manufacturer Warranty for Device and 6 Months for In-Box Accessories,4.4
255,"OnePlus Nord 4 5G (Obsidian Midnight, 256 GB)","₹30,977",8 GB RAM | 256 GB ROM17.12 cm (6.74 inch) Display50MP Rear Camera5500 mAh Battery1 Year,4.5
256,"OPPO Reno13 Pro 5G (Mist Lavender, 512 GB)","₹60,999",12 GB RAM | 512 GB ROM17.35 cm (6.83 inch) Display50MP + 50MP + 8MP | 50MP Front Camera5800 mAh BatteryDimensity 8350 Processor1 Year Warranty on Handset and 6 Months Warranty on Accessories,4.5
257,"Samsung Galaxy S25 Plus 5G (Navy, 256 GB)","₹75,999",12 GB RAM | 256 GB ROM17.02 cm (6.7 inch) Quad HD+ Display50MP + 10MP + 12MP | 12MP Front Camera4900 mAh Battery8 Elite for Galaxy Processor1 Year Manufacturer Warranty for Device and 6 Months for In-Box Accessories,4.7
258,"OnePlus 11 5G (Eternal Green, 128 GB)","₹32,990",8 GB RAM | 128 GB ROM17.02 cm (6.7 inch) Display50MP Rear Camera5000 mAh Batterydomestic warranty of 12 months on phone & 6 months on accessories,4.4
259,"OnePlus Nord 4 5G (Mercurial Silver, 256 GB)","₹31,999",8 GB RAM | 256 GB ROM17.12 cm (6.74 inch) Display50MP Rear Camera5500 mAh Battery1 Year,4.5
260,"OPPO Reno13 Pro 5G (Graphite Grey, 512 GB)","₹60,999",12 GB RAM | 512 GB ROM17.35 cm (6.83 inch) Display50MP + 50MP + 8MP | 50MP Front Camera5800 mAh BatteryDimensity 8350 Processor1 Year Warranty on Handset and 6 Months Warranty on Accessories,4.5
261,"OPPO F31 Pro+ 5G (Gemstone Blue, 256 GB)","₹32,999",8 GB RAM | 256 GB ROM17.27 cm (6.8 inch) Full HD+ Display50MP + 2MP | 32MP Front Camera7000 mAh Battery7 Gen 3 Mobile Platform Processor1 Year brand warranty,4.4
262,"Samsung Galaxy S25 5G (Icyblue, 256 GB)","₹80,999",12 GB RAM | 256 GB ROM15.75 cm (6.2 inch) Full HD+ Display50MP + 10MP + 12MP | 12MP Front Camera4000 mAh Battery8 Elite for Galaxy Processor1 Year Manufacturer Warranty for Device and 6 Months for In-Box Accessories,4.6
263,"OnePlus 13 (Midnight Ocean, 256 GB)","₹63,839","12 GB RAM | 256 GB ROM17.32 cm (6.82 inch) Quad HD+ Display50MP + 50MP + 50MP | 32MP Front Camera6000 mAh BatterySnapdragon® 8 Elite Processor1 Year Warranty
1 year manufacturer warranty for device and 1 year manufacturer warranty for in-box accessories including batteries from the date of purchase",4.5
264,"OnePlus Nord 4 5G (Mercurial Silver, 256 GB)","₹31,999",8 GB RAM | 256 GB ROM17.12 cm (6.74 inch) Display50MP Rear Camera5500 mAh Battery1 Year,4.5
265,"OPPO Reno13 Pro 5G (Graphite Grey, 512 GB)","₹60,999",12 GB RAM | 512 GB ROM17.35 cm (6.83 inch) Display50MP + 50MP + 8MP | 50MP Front Camera5800 mAh BatteryDimensity 8350 Processor1 Year Warranty on Handset and 6 Months Warranty on Accessories,4.5
266,"OPPO F31 Pro+ 5G (Gemstone Blue, 256 GB)","₹32,999",8 GB RAM | 256 GB ROM17.27 cm (6.8 inch) Full HD+ Display50MP + 2MP | 32MP Front Camera7000 mAh Battery7 Gen 3 Mobile Platform Processor1 Year brand warranty,4.4
267,"Samsung Galaxy S25 5G (Icyblue, 256 GB)","₹80,999",12 GB RAM | 256 GB ROM15.75 cm (6.2 inch) Full HD+ Display50MP + 10MP + 12MP | 12MP Front Camera4000 mAh Battery8 Elite for Galaxy Processor1 Year Manufacturer Warranty for Device and 6 Months for In-Box Accessories,4.6
268,"REDMI Note-14 Pro+ 5G (Titan Black, 512 GB)","₹34,990",12 GB RAM | 512 GB ROM16.94 cm (6.67 inch) Display50MP + 50MP + 8MP | 20MP Front Camera6200 mAh Battery7s Gen 3 Processor1 Year Manufacturer Warranty for Phone and 6 Months Warranty for In the Box Accessories,4.4
269,"OPPO Reno13 5G (Luminous Blue, 256 GB)","₹35,589",8 GB RAM | 256 GB ROM16.74 cm (6.59 inch) Display50MP + 8MP + 2MP | 50MP Front Camera5600 mAh BatteryDimensity 8350 Processor1 Year Warranty on Handset and 6 Months Warranty on Accessories,4.4
270,"Samsung Galaxy S24+ 5G (Onyx Black, 256 GB)","₹59,999",12 GB RAM | 256 GB ROM17.02 cm (6.7 inch) Quad HD+ Display50MP + 10MP + 12MP | 12MP Front Camera4900 mAh BatteryExynos 2400 Processor1 Year Manufacturer Warranty for Device and 6 Months for In-Box Accessories,4.5
271,"OPPO K13 Turbo Pro 5G (Midnight Maverick, 256 GB)","₹36,999",12 GB RAM | 256 GB ROM17.27 cm (6.8 inch) Full HD+ Display50MP + 2MP | 16MP Front Camera7000 mAh Battery8s Gen 4 Mobile Platform Processor1 Year Manufacturer Warranty for Device and 6 Months Manufacturer Warranty for Inbox Accessories,4.4
272,"Nothing Phone (3) (Black, 256 GB)","₹79,999",12 GB RAM | 256 GB ROM16.94 cm (6.67 inch) Display50MP + 50MP + 50MP | 50MP Front Camera5500 mAh Battery8s Gen 4 Mobile Platform Processor1 Year Manufacturing Warranty,4.4
273,"Samsung Galaxy Z Fold6 5G (Silver Shadow, 512 GB)","₹1,09,960",12 GB RAM | 512 GB ROM19.3 cm (7.6 inch) QXGA+ Display50MP + 12MP + 10MP | 10MP Front Camera4400 mAh Lithium ion BatterySnapdragon 8 Gen 3 Processor1 Year Manufacturer Warranty for Device and 6 Months for In-Box Accessories,4.1
274,"REDMI Note 14 Pro+ 5G (Ttan Black, 512 GB)","₹32,999",12 GB RAM | 512 GB ROM16.94 cm (6.67 inch) Display50MP + 50MP + 8MP | 20MP Front Camera6200 mAh Battery7s Gen 3 Processor1 Year Manufacturer Warranty for Phone and 6 Months Warranty for In the Box Accessories,4.4
275,"POCO F6 5G (Titanium, 256 GB)","₹31,999",12 GB RAM | 256 GB ROM16.94 cm (6.67 inch) Display50MP (OIS) + 8MP | 20MP Front Camera5000 mAh Battery8s Gen3 Processor1 Year Manufacturer Warranty for Phone and 6 Months Warranty for In the Box Accessories,4.3
276,"OnePlus Nord 4 5G (Mercurial Silver, 256 GB)","₹35,999",12 GB RAM | 256 GB ROM17.12 cm (6.74 inch) Display50MP Rear Camera5500 mAh Battery1 Year,4.5
277,"vivo V50 5G (Starry Night, 256 GB)","₹32,498",8 GB RAM | 256 GB ROM17.2 cm (6.77 inch) Display50MP + 50MP | 50MP Front Camera6000 mAh Battery7 Gen 3 Processor1 Year Manufacturer Warranty for Device and 6 Months Warranty for Inbox Accessories,4.5
278,"Google Pixel 10 Pro XL (Moonstone, 256 GB)","₹1,24,999",16 GB RAM | 256 GB ROM17.27 cm (6.8 inch) Quad HD+ Display48MP + 48MP + 48MP | 42MP Front Camera5200 mAh BatteryTensor G5 Processor1 Year Domestic Warranty,4.5
279,"OnePlus Nord 4 5G (Obsidian Midnight, 256 GB)","₹35,999",12 GB RAM | 256 GB ROM17.12 cm (6.74 inch) Display50MP Rear Camera5500 mAh Battery1 Year,4.5
280,"Samsung Galaxy A54 5G (Awesome Violet, 128 GB)","₹32,800","8 GB RAM | 128 GB ROM | Expandable Upto 1 TB16.26 cm (6.4 inch) Full HD+ Display50MP + 12MP + 5MP | 32MP Front Camera5000 mAh BatteryExynos 1380, Octa Core Processor1 Year Manufacturer Warranty for Device and 6 Months Manufacturer Warranty for In-Box Accessories",4.3
281,"OPPO F31 Pro+ 5G (Gemstone Blue, 256 GB)","₹34,999",12 GB RAM | 256 GB ROM17.27 cm (6.8 inch) Full HD+ Display50MP + 2MP | 32MP Front Camera7000 mAh Battery7 Gen 3 Mobile Platform Processor1 Year brand warranty,4.3
282,"REDMI Note-14 Pro+ 5G (Phantom Purple, 128 GB)","₹30,999",8 GB RAM | 128 GB ROM16.94 cm (6.67 inch) Display50MP + 50MP + 8MP | 20MP Front Camera6200 mAh Battery7s Gen 3 Processor1 Year Manufacturer Warranty for Phone and 6 Months Warranty for In the Box Accessories,4.4
283,"vivo V40 Pro 5G (Ganges Blue, 512 GB)","₹55,999",12 GB RAM | 512 GB ROM17.22 cm (6.78 inch) Full HD+ Display50MP + 50MP + 50MP | 50MP Front Camera5500 mAh BatteryDimensity 9200+ Processor1 Year Warranty on Handset and 6 Months Warranty on Accessories,4.5
284,"Nothing Phone (3) (Black, 512 GB)","₹89,999",16 GB RAM | 512 GB ROM16.94 cm (6.67 inch) Display50MP + 50MP + 50MP | 50MP Front Camera5500 mAh Battery8s Gen 4 Mobile Platform Processor1 Year Manufacturing Warranty,4.4
285,"Nothing Phone (3) (White, 256 GB)","₹79,999",12 GB RAM | 256 GB ROM16.94 cm (6.67 inch) Display50MP + 50MP + 50MP | 50MP Front Camera5500 mAh Battery8s Gen 4 Mobile Platform Processor1 Year Manufacturing Warranty,4.4
286,"Nothing Phone (3) (White, 512 GB)","₹89,999",16 GB RAM | 512 GB ROM16.94 cm (6.67 inch) Display50MP + 50MP + 50MP | 50MP Front Camera5500 mAh Battery8s Gen 4 Mobile Platform Processor1 Year Manufacturing Warranty,4.4
287,"OPPO F31 Pro+ 5G (Himalayan White, 256 GB)","₹34,999",12 GB RAM | 256 GB ROM17.27 cm (6.8 inch) Full HD+ Display50MP + 2MP | 32MP Front Camera7000 mAh Battery7 Gen 3 Mobile Platform Processor1 Year brand warranty,4.3
288,"OPPO Find X9 (Velvet Red, 256 GB)","₹74,999",12 GB RAM | 256 GB ROM16.74 cm (6.59 inch) Full HD+ AMOLED Display50MP + 50MP + 50MP + 2MP | 32MP Front Camera7025 mAh BatteryDimensity 9500 Processor1 Year Manufacturer Warranty for Device and 6 Months Manufacturer Warranty for Inbox Accessories,4.6
289,"OPPO F31 Pro+ 5G (Festival Pink, 256 GB)","₹32,999",8 GB RAM | 256 GB ROM17.27 cm (6.8 inch) Full HD+ Display50MP + 2MP | 32MP Front Camera7000 mAh Battery7 Gen 3 Mobile Platform Processor1 Year brand warranty,4.4
290,"OnePlus 13 (Midnight Ocean, 256 GB)","₹63,835","12 GB RAM | 256 GB ROM17.32 cm (6.82 inch) Quad HD+ Display50MP + 50MP + 50MP | 32MP Front Camera6000 mAh BatterySnapdragon® 8 Elite Processor1 Year Warranty
1 year manufacturer warranty for device and 1 year manufacturer warranty for in-box accessories including batteries from the date of purchase",4.5
291,"Honor 200 5G (Black, 512 GB)","₹34,999",12 GB RAM | 512 GB ROM17.02 cm (6.7 inch) Full HD+ Super AMOLED Display50MP + 50MP + 12MP | 50MP Front Camera5200 mAh BatterySnapdragon 7 Gen 3 Processor1 year manufacturer's warranty for handset & 6 months for accessories,4.4
292,"REDMI Note 14 Pro+ 5G (Phantom Purple, 256 GB)","₹33,247",8 GB RAM | 256 GB ROM16.94 cm (6.67 inch) Display50MP + 50MP + 8MP | 20MP Front Camera6200 mAh Battery7s Gen 3 Processor1 Year Manufacturer Warranty for Phone and 6 Months Warranty for In the Box Accessories,4.4
293,"OPPO Find X9 (Titanium Grey, 256 GB)","₹74,999",12 GB RAM | 256 GB ROM16.74 cm (6.59 inch) Full HD+ AMOLED Display50MP + 50MP + 50MP + 2MP | 32MP Front Camera7025 mAh BatteryDimensity 9500 Processor1 Year Manufacturer Warranty for Device and 6 Months Manufacturer Warranty for Inbox Accessories,4.6
294,"OPPO Find X9 (Titanium Grey, 512 GB)","₹84,999",16 GB RAM | 512 GB ROM16.74 cm (6.59 inch) Full HD+ AMOLED Display50MP + 50MP + 50MP + 2MP | 32MP Front Camera7025 mAh BatteryDimensity 9500 Processor1 Year Manufacturer Warranty for Device and 6 Months Manufacturer Warranty for Inbox Accessories,4.7
295,"OPPO Find X9 (Space Black, 512 GB)","₹84,999",16 GB RAM | 512 GB ROM16.74 cm (6.59 inch) Full HD+ AMOLED Display50MP + 50MP + 50MP + 2MP | 32MP Front Camera7025 mAh BatteryDimensity 9500 Processor1 Year Manufacturer Warranty for Device and 6 Months Manufacturer Warranty for Inbox Accessories,4.7
296,"Samsung Galaxy A36 5G (Awesome White, 256 GB)","₹35,499",8 GB RAM | 256 GB ROM17.02 cm (6.7 inch) Full HD+ Display50MP + 8MP | 12MP Front Camera5000 mAh BatteryQualcomm Snapdragon 6 Gen 3 Processor1 Year Manufacturer Warranty for Device and 6 Months for In-Box Accessories,4.3
297,"Samsung Galaxy A56 5G (Awesome Light Gray, 256 GB)","₹40,998",8 GB RAM | 256 GB ROM17.02 cm (6.7 inch) Full HD+ Display50MP + 12MP + 5MP | 12MP Front Camera5000 mAh BatterySamsung Exynos 1580 Processor1 Year Manufacturer Warranty for Device and 6 Months for In-Box Accessories,4.4
298,"Samsung Galaxy S25 Ultra 5G (Titanium Silverblue, 512 GB)","₹1,41,999",12 GB RAM | 512 GB ROM17.53 cm (6.9 inch) Quad HD+ Display200MP + 50MP + 50MP + 10MP | 12MP Front Camera5000 mAh Battery8 Elite for Galaxy Processor1 Year Manufacturer Warranty for Device and 6 Months for In-Box Accessories,4.6
299,"Apple iPhone 14 Plus (Blue, 128 GB)","₹69,900","128 GB ROM17.02 cm (6.7 inch) Super Retina XDR Display12MP + 12MP | 12MP Front CameraA15 Bionic Chip, 6 Core Processor Processor1 year warranty for phone and 1 year warranty for in Box Accessories.",4.6
300,"OPPO K13 Turbo Pro 5G (Silver Knight, 256 GB)","₹34,999",8 GB RAM | 256 GB ROM17.27 cm (6.8 inch) Full HD+ Display50MP + 2MP | 16MP Front Camera7000 mAh Battery8s Gen 4 Mobile Platform Processor1 Year Manufacturer Warranty for Device and 6 Months Manufacturer Warranty for Inbox Accessories,4.2
301,"REDMI Note-14 Pro+ 5G (Spectre Blue, 512 GB)","₹30,899",12 GB RAM | 512 GB ROM16.94 cm (6.67 inch) Display50MP + 50MP + 8MP | 20MP Front Camera6200 mAh Battery7s Gen 3 Processor1 Year Manufacturer Warranty for Phone and 6 Months Warranty for In the Box Accessories,4.4
302,"Samsung Galaxy S23 FE (Mint, 128 GB)","₹33,291",8 GB RAM | 128 GB ROM16.26 cm (6.4 inch) Full HD+ Display50MP + 12MP | 10MP Front Camera4500 mAh BatterySamsung Exynos 2200 Processor1 Year Manufacturer Warranty for Device and 6 Months for In-Box Accessories,4.4
303,"vivo V40 Pro 5G (Ganges Blue, 256 GB)","₹44,999",8 GB RAM | 256 GB ROM17.22 cm (6.78 inch) Full HD+ Display50MP + 50MP + 50MP | 50MP Front Camera5500 mAh BatteryDimensity 9200+ Processor1 Year Warranty on Handset and 6 Months Warranty on Accessories,4.5
304,"OnePlus 11 5G (Marble Odyssey, 256 GB)","₹40,950",16 GB RAM | 256 GB ROM17.02 cm (6.7 inch) Display50MP Rear Camera5000 mAh Battery1 Year Warranty For Phone and 6 Months Warranty for in-box Accessories,4.5
305,"Samsung Galaxy F55 5G (Raisin Black, 256 GB)","₹30,999",12 GB RAM | 256 GB ROM | Expandable Upto 1 TB17.02 cm (6.7 inch) Full HD+ Display50MP + 8MP + 2MP | 50MP Front Camera5000 mAh Battery7 Gen 1 Processor1 Year Manufacturer Warranty for Device and 6 Months for In-Box Accessories,4.1
306,"REDMI Note 13 Pro+ 5G (Fusion White, 512 GB)","₹31,947",12 GB RAM | 512 GB ROM16.94 cm (6.67 inch) Display200MP (OIS) + 8MP + 2MP | 16MP Front Camera5000 mAh BatteryDimensity 7200 Ultra 5G Processor1 Year Manufacturer Warranty for Phone and 6 Months Warranty for In the Box Accessories,4.3
307,"realme GT 7 Pro (Grey, 256 GB)","₹50,999",12 GB RAM | 256 GB ROM17.22 cm (6.78 inch) Display50MP Rear Camera5800 mAh Battery1 Year,4.2
308,"vivo V60 5G (Moonlit Blue, 256 GB)","₹39,599",12 GB RAM | 256 GB ROM17.2 cm (6.77 inch) Display50MP + 8MP + 50MP | 50MP Front Camera6500 mAh Battery7 Gen 4 Processor1 Year Manufacturer Warranty for Device and 6 Months Manufacturer Warranty for Inbox Accessories,4.5
309,"vivo V25 Pro 5G (Pure Black, 128 GB)","₹35,999",8 GB RAM | 128 GB ROM16.66 cm (6.56 inch) Full HD+ Display64MP + 8MP + 2MP | 32MP Front Camera4830 mAh Lithium BatteryMediatek Dimensity 1300 ProcessorColor Changing Fluorite AG Glass Design120 Hz 3D Curve Display1 Year on Handset and 6 Months on Accessories,4.3
310,"vivo V25 Pro 5G (Sailing Blue, 128 GB)","₹35,999",8 GB RAM | 128 GB ROM16.66 cm (6.56 inch) Full HD+ Display64MP + 8MP + 2MP | 32MP Front Camera4830 mAh Lithium BatteryMediatek Dimensity 1300 ProcessorColor Changing Fluorite AG Glass Design120 Hz 3D Curve Display1 Year on Handset and 6 Months on Accessories,4.3
311,"OPPO RENO 13 5G (White / Ivory White, 128 GB)","₹35,890",8 GB RAM | 128 GB ROM16.74 cm (6.59 inch) Display50MP Rear Camera5600 mAh Battery1 Year Warranty on Handset and 6 Months Warranty on Accessories,4.2
