,productname,prices,Color
0,"Aroma NB120 Amaze Upto 50 Hours Playtime*, Fast Chargin...",₹260,"Jazz Green, In the Ear"
1,"boAt Rockerz 430, 40ms Latency, 40H Battery, Stream Ad ...","₹1,299","Iris Black, On the Ear"
2,"Aroma NB120 Amaze Upto 50 Hrs* Playtime, Dual Pairing F...",₹261,"Acoustic Black, In the Ear"
3,boAt boAt BassHeads 900 Wired Headphones Wired,₹879,"Carbon Black, On the Ear"
4,Aroma NB121 Corridor Upto 40 Hours Playtime* Fast Charg...,₹219,"Carbon Black, In the Ear"
5,GOBOULT (formerly Boult) Bluetooth & Wired,"₹1,599","Powder Blue, On the Ear"
6,Caidea TWS7 Sufi V5.4 Upto 30Hrs Playtime* Type C Fast ...,₹299,"Vibrant Black, True Wireless"
7,"TRIGGR Trinity 3 with Fabric Finish, Dual Pairing, 50H ...","₹1,499","Rustic Beige, On the Ear"
8,"ZEBRONICS Thunder Pro, With 60h Backup, BT v5.3, Gaming...",₹899,"Black, On the Ear"
9,Portronics Conch Theta C Type C Wired Earphone With HD ...,₹299,"Black, In the Ear"
10,"Caidea TW301 Blogger Upto 40H Playtime*,ENC,Dual Pairin...",₹294,"Glass White, True Wireless"
11,"boAt Rockerz 480 w/ Beast Mode, RGB LEDs(6 Light Modes)...","₹1,799","White Sabre, On the Ear"
12,"PTron Bassbuds Vibe w/ 34 Hrs Playback,Clear Calls,13mm...",₹599,"Black, Green, True Wireless"
13,Unix Wireless Headphones I 12 Hrs PlaytimeI 40MM Driver...,₹746,"White, On the Ear"
14,"boAt Rockerz 110 with 40 HRS Playback, ENx Technology, ...",₹799,"Fern Green, In the Ear"
15,Aroma NB138 Ascrow 32dB Active Noice Cancellation 70H* ...,₹599,"Midnight Black, True Wireless"
16,"Caidea CNB100 Fog Upto 100 Hrs* Music,ENC,Voice Changer...",₹300,"Matte Olive Green, In the Ear"
17,"TRIGGR Kraken X1 with Battery Display, 40ms Latency, Qu...",₹699,"Black, True Wireless"
18,"ZEBRONICS Zeb- Thunder, With 60H Backup, BT v5.3, Gamin...",₹799,"Blue, On the Ear"
19,"GOBOULT Q 70Hr, ENC Mic, 40mm Bass Boosted Drivers, 4EQ...","₹1,599","Black, On the Ear"
20,"Noise Airwave Max 4 with 70 Hours Playtime,ENC wiith Du...","₹2,499","Calm Beige, On the Ear"
21,TECHFIRE Fire 145- 30 Hours Playtime with superior soun...,₹248,"Blue, In the Ear"
22,MarQ by Flipkart Rhythm Q0824 30 Hours Playtime Type C ...,₹499,"Blue, True Wireless"
23,Hectic Black Earbuds With Premium Quality Sound Bluetoo...,₹273,"Black, True Wireless"
24,"boAt Rockerz 512 ANC, 40dB Hybrid ANC, 80H Battery, ENx...","₹2,999","Bold Blue, On the Ear"
25,"Portronics Muffs M2 Bluetooth Headphones Over Ear,40 Hr...",₹999,"Black, On the Ear"
26,"boAt Rockerz 480 w/ Beast Mode, RGB LEDs(6 Light Modes)...","₹1,799","Black Sabre, On the Ear"
27,"Noise TWO with 50 Hours Playtime, Low latency (up to 42...","₹1,699","Serene Blue, On the Ear"
28,MZ NB111 (Wireless Headphone) Magnetic Neckband 250h st...,₹210,"Black, In the Ear"
29,TECHFIRE Fire 500v2 Neckband hi-bass Wireless Bluetooth,₹269,"Blue, In the Ear"
30,j&b Bullets Wireless B2 Premium Neckband With 50Hrs Pla...,₹299,"Black, In the Ear"
31,"TRIGGR Kraken X4 with 13mm Drivers, 40ms Latency, ENC, ...",₹799,"Army Green, True Wireless"
32,"boAt Airdopes Alpha,35H Battery, 13mm Drivers,ENx, Stre...",₹999,"Deep Blue, In the Ear"
33,"Aroma NB120 Banner Upto 40H Playtime*, ENC, Fast Chargi...",₹229,"Metal Black, In the Ear"
34,TECHFIRE Fire 500v2 Neckband hi-bass Wireless headphone...,₹270,"Black, In the Ear"
35,"PTron Bassstrings Neo with 34hrs Playtime,Clear Calls,1...",₹499,"Black, In the Ear"
36,"GOBOULT W40 with 4 Mic ENC, 48H Battery Life, Low Laten...",₹799,"Ivory White, True Wireless"
37,"GOBOULT Fluid X 60Hrs, 40mm Drivers, Foldable design, E...","₹1,999","White, On the Ear"
38,myxes Earbuds Bluetooth V5.1 True Wireless stereo Bluet...,₹299,"Black, In the Ear"
39,"ZEBRONICS Zeb-Buds C10, with In-Line Mic, Type-C, 10mm ...",₹299,"Black, In the Ear"
40,"Aroma NB120 Amaze Upto 50 Hours Playtime*, Fast Chargin...",₹260,"Jazz Green, In the Ear"
41,"boAt Rockerz 430, 40ms Latency, 40H Battery, Stream Ad ...","₹1,299","Iris Black, On the Ear"
42,"boAt Airdopes Prime 413,AI-ENx Tech, 50H Battery,Multi ...","₹1,299","Cool White, True Wireless"
43,"ZEBRONICS Zeb- Thunder, With 60H Backup, BT v5.3, Gamin...",₹799,"Red, On the Ear"
44,"Noise Buds N2 Pro (New Launch) with 70H Playtime, 32dB ...","₹1,799","Lunar Silver, True Wireless"
45,"boAt Rockerz 480 w/ Beast Mode, RGB LEDs(6 Light Modes)...","₹1,799","Black Sabre, On the Ear"
46,"TRIGGR Trinity 3 with Fabric Finish, Dual Pairing, 50H ...","₹1,499","Rustic Beige, On the Ear"
47,"Caidea TW301 Blogger Upto 40H Playtime*,ENC,Dual Pairin...",₹294,"Glass White, True Wireless"
48,Mi Type C Wired Headset with Mic Wired,₹599,"White, In the Ear"
49,Aroma NB119 Titanium - 48 Hours Playtime Neckband Bluet...,₹499,"Blue, In the Ear"
50,"boAt Rockerz 480 w/ Beast Mode, RGB LEDs(6 Light Modes)...","₹1,799","White Sabre, On the Ear"
51,"Caidea CNB100 Fog Upto 100 Hrs* Music,ENC,Voice Changer...",₹300,"Matte Olive Green, In the Ear"
52,"boAt Rockerz 650 Pro(2025 Launch), Touch/Swipe Controls...","₹2,799","Starry Night, On the Ear"
53,"GOBOULT Q 70Hr, ENC Mic, 40mm Bass Boosted Drivers, 4EQ...","₹1,599","Beige, On the Ear"
54,boAt boAt Bassheads 100 Wired Earphones Wired,₹399,"Black, In the Ear"
55,"ZEBRONICS ZEB-BRO, With In-Line MiC, 3.5mm Jack, 10mm d...",₹139,"Green, In the Ear"
56,"Aroma NB120 Amaze Upto 50 Hrs* Playtime, Dual Pairing F...",₹261,"Acoustic Black, In the Ear"
57,"TRIGGR Kraken X1 with Battery Display, 40ms Latency, Qu...",₹699,"Black, True Wireless"
58,"boAt Rockerz 110 with 40 HRS Playback, ENx Technology, ...",₹799,"Black, In the Ear"
59,"boAt Rockerz 430, 40ms Latency, 40H Battery, Stream Ad ...","₹1,399","Bold Blue, On the Ear"
60,"Noise Airwave Max 4 with 70 Hours Playtime,ENC wiith Du...","₹2,499","Calm Beige, On the Ear"
61,"Noise TWO with 50 Hours Playtime, Low latency (up to 42...","₹1,699","Serene Blue, On the Ear"
62,TECHFIRE Fire 500v2 Neckband hi-bass Wireless headphone...,₹270,"Green, In the Ear"
63,"Noise TWO with 50 Hours Playtime, Low latency (up to 40...","₹1,699","Bold Black, On the Ear"
64,SpinBot BattleBudz C30 Type-C Gaming Earphones with Gam...,₹748,"Black, Red, In the Ear"
65,SONY 310AP Wired,"₹1,099","Black, On the Ear"
66,TECHFIRE Fire 145- 30 Hours Playtime with superior soun...,₹248,"Blue, In the Ear"
67,j&b Bullets Wireless B2 Premium Neckband With 50Hrs Pla...,₹299,"Black, In the Ear"
68,"Aroma NB119 Zebra Upto 100H Playtime, ENC, Magnetic On/...",₹389,"Chrome Green, In the Ear"
69,SONY WI-C100 with 25 Hours Battery Life Bluetooth Gamin...,"₹1,849","Black, In the Ear"
70,"TRIGGR Kraken X4 with 13mm Drivers, 40ms Latency, ENC, ...",₹799,"Army Green, True Wireless"
71,"GOBOULT Fluid X 60Hrs, 40mm Drivers, Foldable design, E...","₹1,999","White, On the Ear"
72,Seashot Bluetooth 5.2 Wireless Earbuds Touch Waterproof...,₹299,"Black, True Wireless"
73,"boAt Airdopes 181 Pro, 100H Battery, ENx,LED Display, S...","₹1,399","Mocha Elegance, True Wireless"
74,"PHILIPS TAT1269WT In-Ear Earbuds, 13mm Drivers, 40H, IP...",₹999,"White, True Wireless"
75,"ZEBRONICS Zeb-Jet Pro Premium Headphone,LED Headband,Su...",₹899,"Black+Blue, On the Ear"
76,"Aroma NB120 Amaze Upto 50 Hours Playtime*, Fast Chargin...",₹300,"Booming Red, In the Ear"
77,Aroma NB119 Titanium - 48 Hours Playtime Neckband Bluet...,₹499,"Green, In the Ear"
78,"GOBOULT Astra with Quad Mic ENC, 48Hrs Battery, Made in...","₹1,199","Black Gloss, True Wireless"
79,"realme Buds T110 (RMA2306) with AI ENC for calls, 38 ho...","₹1,299","Country Green, True Wireless"
80,"Aroma NB120 Amaze Upto 50 Hours Playtime*, Fast Chargin...",₹260,"Jazz Green, In the Ear"
81,"boAt Rockerz 430, 40ms Latency, 40H Battery, Stream Ad ...","₹1,299","Iris Black, On the Ear"
82,"realme Buds Air7 with 52dB ANC, 12.4mm Driver, 52hrs Pl...","₹3,299","Slate Grey, True Wireless"
83,SONY WI-C100 with 25 Hours Battery Life Bluetooth Gamin...,"₹1,849","Black, In the Ear"
84,"CMF by Nothing Buds 2 48 dB Hybrid ANC, Ultra Bass Tech...","₹2,699","Dark Grey, In the Ear"
85,"Soundcore by Anker R50i Vi, 30Hr Playtime, Deep Bass, 2...",₹997,"Black, True Wireless"
86,"TRIGGR Trinity 3 with Fabric Finish, Dual Pairing, 50H ...","₹1,499","Rustic Beige, On the Ear"
87,"Caidea TW301 Blogger Upto 40H Playtime*,ENC,Dual Pairin...",₹294,"Glass White, True Wireless"
88,AIZINA Wireless Surround Headphones with Mic & SD Card ...,₹491,"Black, On the Ear"
89,"JBL Wave Beam TWS, 32Hr Playtime, IP54, Smart Ambient &...","₹2,499","Mint, In the Ear"
90,"boAt Rockerz 480 w/ Beast Mode, RGB LEDs(6 Light Modes)...","₹1,799","White Sabre, On the Ear"
91,"Caidea CNB100 Fog Upto 100 Hrs* Music,ENC,Voice Changer...",₹300,"Matte Olive Green, In the Ear"
92,"boAt Airdopes 161/163,ASAP Charge,40 H Battery, Stream ...","₹1,099","Pearl White, True Wireless"
93,Apple EarPods (USB-C) Wired,"₹1,649","White, In the Ear"
94,AIZINA Foldable Bluetooth Headphones with Blended Bass ...,₹491,"Black, On the Ear"
95,"GOBOULT Z60 with 60Hr Battery, 4 Mic ENC, 50ms Ultra Lo...",₹899,"Powder Blue, True Wireless"
96,"Aroma NB120 Amaze Upto 50 Hrs* Playtime, Dual Pairing F...",₹261,"Acoustic Black, In the Ear"
97,"TRIGGR Kraken X1 with Battery Display, 40ms Latency, Qu...",₹699,"Black, True Wireless"
98,"ZEBRONICS BRO With In-Line Mic 3.5mm Jack, 10mm drivers...",₹199,"Black+Gold, In the Ear"
99,"AIZINA Wireless Talking Headphones with Mic & SD Card, ...",₹491,"Black, On the Ear"
100,"Noise Airwave Max 4 with 70 Hours Playtime,ENC wiith Du...","₹2,499","Calm Beige, On the Ear"
101,TECHFIRE Fire 145- 30 Hours Playtime with superior soun...,₹248,"Blue, In the Ear"
102,"GOBOULT Astra Neo 70Hrs Playtime, 4 Mic ENC, BT 5.4, Co...","₹1,099","Black, True Wireless"
103,"TRIGGR Kraken X4 with 13mm Drivers, 40ms Latency, ENC, ...",₹799,"Gotham Black, True Wireless"
104,"GOBOULT Y1 Pro with 4 Mic ENC, 60Hrs Battery Life, Fast...",₹999,"Jet Black, True Wireless"
105,"GOBOULT Raven 70Hrs Battery, App Support, Dual Pairing,...","₹1,299","Ice Mint, True Wireless"
106,"boAt Rockerz 480 w/ Beast Mode, RGB LEDs(6 Light Modes)...","₹1,799","Black Sabre, On the Ear"
107,"Noise TWO with 50 Hours Playtime, Low latency (up to 42...","₹1,699","Serene Blue, On the Ear"
108,OnePlus Nord Buds 3 with up to 32dB ANC Bluetooth,"₹1,899","Harmonic Gray, True Wireless"
109,GDS Portable Wireless Headphones featuring Bronze Bass ...,₹457,"Black, On the Ear"
110,j&b Bullets Wireless B2 Premium Neckband With 50Hrs Pla...,₹299,"Black, In the Ear"
111,"TRIGGR Kraken X4 with 13mm Drivers, 40ms Latency, ENC, ...",₹799,"Army Green, True Wireless"
112,"GOBOULT Z40 with ENC Mic, 60Hr Battery, Metal Finish, L...",₹999,"Blue, In the Ear"
113,"realme Buds T110 (RMA2306) with AI ENC for calls, 38 ho...","₹1,299","Country Green, True Wireless"
114,"Number Navo Buds X1 w/ 50H Playtime, Dual Pairing, 13mm...",₹599,"Blue Pool, In the Ear"
115,"house of common Wireless Neckband, 58Hrs Playtime, Doub...",₹486,"Red, In the Ear"
116,"GOBOULT W40 with 4 Mic ENC, 48H Battery Life, Low Laten...",₹799,"Ivory White, True Wireless"
117,"GOBOULT Fluid X 60Hrs, 40mm Drivers, Foldable design, E...","₹1,999","White, On the Ear"
118,"ZEBRONICS Zeb- Thunder, With 60H Backup, BT v5.3, Gamin...",₹799,"Red, On the Ear"
119,"realme Buds Wireless 5 with 50dB ANC, 360 degree Spatia...","₹1,799","DAWN SILVER, In the Ear"
120,"Aroma NB120 Amaze Upto 50 Hours Playtime*, Fast Chargin...",₹260,"Jazz Green, In the Ear"
121,"boAt Rockerz 430, 40ms Latency, 40H Battery, Stream Ad ...","₹1,299","Iris Black, On the Ear"
122,"OPPO Enco Buds3 Pro,12.4mm Driver,54hrs Playback,Deep B...","₹1,799","Graphite Grey, True Wireless"
123,"GOBOULT W40 with 4 Mic ENC, 48H Battery Life, Low Laten...",₹799,"Denim Blue, True Wireless"
124,"Noise Buds UNO, 40Hrs Playtime, Quad Mic with ENC, Prem...","₹1,399","Ivory Grain, True Wireless"
125,CMF by Nothing Neckband Pro 50dB Active Noise Cancellat...,"₹2,099","Orange, In the Ear"
126,"TRIGGR Trinity 3 with Fabric Finish, Dual Pairing, 50H ...","₹1,499","Rustic Beige, On the Ear"
127,Caidea TWS7 Sufi V5.4 Upto 30Hrs Playtime* Type C Fast ...,₹299,"Vibrant Black, True Wireless"
128,"truke BTG Ultra with 60H Playtime, 360Spatial, Low Late...",₹899,"Metal Black, True Wireless"
129,"Noise Buds VS102 Neo with 40 Hrs Playtime, Environmenta...",₹799,"Deep wine, True Wireless"
130,"Caidea TW301 Blogger Upto 40H Playtime*,ENC,Dual Pairin...",₹294,"Glass White, True Wireless"
131,"boAt Rockerz 480 w/ Beast Mode, RGB LEDs(6 Light Modes)...","₹1,799","White Sabre, On the Ear"
132,"HOPPUP AirDoze S40 Earbuds with 13MM Drivers, 40H Playt...",₹597,"White, True Wireless"
133,Mi Basic Wired Headset with Mic,₹499,"Black, In the Ear"
134,MOTOROLA Moto Buds Bass |Hi-Res Audio & LDAC | 12.4mm d...,"₹1,999","Grey, True Wireless"
135,Portronics Conch Theta C Type C Wired Earphone With HD ...,₹299,"White, In the Ear"
136,"Caidea CNB100 Fog Upto 100 Hrs* Music,ENC,Voice Changer...",₹300,"Matte Olive Green, In the Ear"
137,"Aroma NB120 Amaze Upto 50 Hrs* Playtime, Dual Pairing F...",₹261,"Acoustic Black, In the Ear"
138,"Aroma NB119 Zebra Upto 100H Playtime, ENC, Magnetic On/...",₹389,"Chrome Grey, In the Ear"
139,OnePlus Nord Buds 3 Pro Truly Wireless Earbuds with 49d...,"₹2,599","Soft Jade, True Wireless"
140,"TRIGGR Kraken X1 with Battery Display, 40ms Latency, Qu...",₹699,"Black, True Wireless"
141,"Noise Airwave Max 4 with 70 Hours Playtime,ENC wiith Du...","₹2,499","Calm Beige, On the Ear"
142,"Jib Wired Earbuds with Microphone, Noise Isolating Fit,...",₹499,"Black, In the Ear, In the Ear"
143,"GOBOULT W40 with 4 Mic ENC, 48H Battery Life, Low Laten...",₹799,"Berry Red, True Wireless"
144,"Aroma NB126 Berry V5.4 Upto 60Hr Playtime* Dual Paring,...",₹449,"Graphite Blue, True Wireless"
145,"GOBOULT Z40 Pro with 100Hr, 4 Mic ENC, Scratch Proof, R...","₹1,299","Lavender, True Wireless"
146,"boAt Rockerz 480 w/ Beast Mode, RGB LEDs(6 Light Modes)...","₹1,799","Black Sabre, On the Ear"
147,"Noise TWO with 50 Hours Playtime, Low latency (up to 42...","₹1,699","Serene Blue, On the Ear"
148,"GOBOULT Y1 Pro with 4 Mic ENC, 60Hrs Battery Life, Fast...",₹999,"Candy cane, True Wireless"
149,OnePlus Nord Buds 3 Bluetooth,"₹1,899","Chromatic Blue, True Wireless"
150,TECHFIRE Fire 145- 30 Hours Playtime with superior soun...,₹248,"Blue, In the Ear"
151,j&b Bullets Wireless B2 Premium Neckband With 50Hrs Pla...,₹299,"Black, In the Ear"
152,"boAt Rockerz 412, 60H Battery,40ms Latency,ENx, Stream ...","₹1,399","Active Black, On the Ear"
153,"Portronics Harmonics Z5 Wireless Neckband, 33Hrs Playti...",₹649,"Blue, In the Ear"
154,boAt boAt Bassheads 104 Wired Earphones Wired,₹399,"Black, In the Ear"
155,"CMF by Nothing Buds 2a, 42 dB ANC, 12.4mm Driver, Dirac...","₹2,199","Dark Grey, True Wireless"
156,"TRIGGR Kraken X4 with 13mm Drivers, 40ms Latency, ENC, ...",₹799,"Army Green, True Wireless"
157,"GOBOULT W40 with 4 Mic ENC, 48H Battery Life, Low Laten...",₹799,"Ivory White, True Wireless"
158,boAt boAt BassHeads 900 Wired Headphones Wired,₹879,"Carbon Black, On the Ear"
159,"GOBOULT K10 50H Battery Life, 4 Mic ENC, Low Latency, D...",₹799,"Pure Black, True Wireless"
160,"Aroma NB120 Amaze Upto 50 Hours Playtime*, Fast Chargin...",₹260,"Jazz Green, In the Ear"
161,"boAt Rockerz 430, 40ms Latency, 40H Battery, Stream Ad ...","₹1,299","Iris Black, On the Ear"
162,SpinBot BattleBudz C10 Type-C Gaming Earphones with Boo...,₹629,"Black, Green, In the Ear"
163,ZEBRONICS ZEB-THUNDER Bluetooth,₹799,"Brown, On the Ear"
164,"boAt Airdopes 181 Pro, 100H Battery, ENx,LED Display, S...","₹1,399","Lilac Serenity, True Wireless"
165,"GOBOULT Fcharge with 40H Battery, ENC Mic, Fast Chargin...",₹799,"Black, In the Ear"
166,Caidea TWS7 Sufi V5.4 Upto 30Hrs Playtime* Type C Fast ...,₹299,"Vibrant Black, True Wireless"
167,"TRIGGR Trinity 3 with Fabric Finish, Dual Pairing, 50H ...","₹1,499","Rustic Beige, On the Ear"
168,MarQ by Flipkart Rhythm Q0824 30 Hours Playtime Type C ...,₹499,"Blue, True Wireless"
169,"GOBOULT Y1 Pro with 4 Mic ENC, 60Hrs Battery Life, Fast...",₹999,"Jet Black, True Wireless"
170,"Caidea TW301 Blogger Upto 40H Playtime*,ENC,Dual Pairin...",₹294,"Glass White, True Wireless"
171,"boAt Rockerz 480 w/ Beast Mode, RGB LEDs(6 Light Modes)...","₹1,799","White Sabre, On the Ear"
172,"HOPPUP AirDoze S40 Earbuds with 13MM Drivers, 40H Playt...",₹597,"White, True Wireless"
173,"boAt Airdopes Alpha Gen 2, 13mm Drivers,ENx,45H Battery...","₹1,099","Ocean Blue, In the Ear"
174,"Mivi Duopods Infinity [New Launch], 3D Sound, 70 H, AI-...",₹999,"Dune Beige, True Wireless"
175,"Noise Airwave, ENC calling, 50 Hrs of Playtime, Low lat...",₹941,"Jet Black, In the Ear"
176,"Caidea CNB100 Fog Upto 100 Hrs* Music,ENC,Voice Changer...",₹300,"Matte Olive Green, In the Ear"
177,"Aroma NB120 Amaze Upto 50 Hrs* Playtime, Dual Pairing F...",₹261,"Acoustic Black, In the Ear"
178,"OnePlus Buds 4 55dB ANC, 45 hrs Playback, Dual Drivers ...","₹5,999","Storm Gray, In the Ear"
179,TECHFIRE Fire 500v2 Neckband hi-bass Wireless headphone...,₹270,"Green, In the Ear"
180,"TRIGGR Kraken X1 with Battery Display, 40ms Latency, Qu...",₹699,"Black, True Wireless"
181,"Noise Airwave Max 4 with 70 Hours Playtime,ENC wiith Du...","₹2,499","Calm Beige, On the Ear"
182,"realme Buds Wireless 5 Lite with 35Hrs Playback,12.4mm ...","₹1,199","Haze Blue, In the Ear"
183,Mi Basic Wired Headset with Mic,₹499,"Black, In the Ear"
184,"Mivi Duopods B1 (Just Launched)45Hrs Playtime, AI ENC f...",₹699,"Green, In the Ear"
185,"TRIGGR Rizz with 40H Playback, Spherical Design, 13mm D...",₹599,"Sky Black, In the Ear"
186,TECHFIRE Fire 145- 30 Hours Playtime with superior soun...,₹248,"Blue, In the Ear"
187,"boAt Rockerz 480 w/ Beast Mode, RGB LEDs(6 Light Modes)...","₹1,799","Black Sabre, On the Ear"
188,"ZEBRONICS Zeb- Thunder, With 60H Backup, BT v5.3, Gamin...",₹799,"Teal Green, On the Ear"
189,"Noise Buds Trance with 45 Hrs Playtime, Low Latency (up...",₹999,"Snow White, True Wireless"
190,"Noise TWO with 50 Hours Playtime, Low latency (up to 42...","₹1,699","Serene Blue, On the Ear"
191,j&b Bullets Wireless B2 Premium Neckband With 50Hrs Pla...,₹299,"Black, In the Ear"
192,"GOBOULT W20 with ENC Mic, 40Hrs Battery Life, Low Laten...",₹799,"Pine Green, True Wireless"
193,"boAt Rockerz 512 ANC, 40dB Hybrid ANC, 80H Battery, ENx...","₹2,799","Cosmic Black, On the Ear"
194,"JBL Tune 520 BT 57Hr Playtime, Pure Bass, Multi Connect...","₹3,999","Black, On the Ear"
195,"Noise Buds Trance with 45 Hrs Playtime, Low Latency (up...",₹999,"Space Blue, True Wireless"
196,"TRIGGR Kraken X4 with 13mm Drivers, 40ms Latency, ENC, ...",₹799,"Army Green, True Wireless"
197,"GOBOULT W40 with 4 Mic ENC, 48H Battery Life, Low Laten...",₹799,"Ivory White, True Wireless"
198,Aroma NB126 Aster V5.4 Upto 50Hr Playtime* 45Ms Latency...,₹469,"Electric Green, True Wireless"
199,"OPPO Enco Buds3 Pro,12.4mm Driver,54hrs Playback,Deep B...","₹1,799","Graphite Grey, True Wireless"
200,"boAt Rockerz 430, 40ms Latency, 40H Battery, Stream Ad ...","₹1,299","Iris Black, On the Ear"
201,"Caidea TW301 Blogger Upto 40H Playtime*,ENC,Dual Pairin...",₹294,"Glass White, True Wireless"
202,HOPPUP Predator Xo3 Gaming Earbuds with 35MS Bluetooth,₹797,"White, True Wireless"
203,"realme Buds Wireless 5 with 50dB ANC, 360 degree Spatia...","₹1,799","Twilight Purple, In the Ear"
204,"Mivi Duopods D4, 50Hrs Playtime, HD Call, Fast Charging...",₹999,"Lime White, True Wireless"
205,"PHILIPS TAT1269WT In-Ear Earbuds, 13mm Drivers, 40H, IP...",₹999,"White, True Wireless"
206,"TRIGGR Trinity 3 with Fabric Finish, Dual Pairing, 50H ...","₹1,499","Rustic Beige, On the Ear"
207,"boAt Rockerz 480 w/ Beast Mode, RGB LEDs(6 Light Modes)...","₹1,799","White Sabre, On the Ear"
208,"ZEBRONICS ZEB-BRO, With In-Line MiC, 3.5mm Jack, 10mm d...",₹139,"Green, In the Ear"
209,"boAt Rockerz 650 Pro(2025 Launch), Touch/Swipe Controls...","₹2,799","Sage Green, On the Ear"
210,"TRIGGR Kraken X1 with Battery Display, 40ms Latency, Qu...",₹699,"Black, True Wireless"
211,"Aroma NB120 Amaze Upto 50 Hours Playtime*, Fast Chargin...",₹260,"Jazz Green, In the Ear"
212,"boAt Rockerz 255 Pro+, 60H Battery, ASAP Charge, Stream...","₹1,299","Navy Blue, In the Ear"
213,Aroma NB119D Dream Upto 60 Hours Playtime* Dual Pairing...,₹499,"Matte Black, In the Ear"
214,"truke Buds F1 Ultra with 60 Hours Playtime, Spatial Aud...",₹799,"Blue, True Wireless"
215,"boAt Rockerz 210 ANC w/ 30dB Active Noise Cancellation,...","₹1,499","Cosmic Blue, In the Ear"
216,j&b Bullets Wireless B2 Premium Neckband With 50Hrs Pla...,₹299,"Black, In the Ear"
217,"Noise Airwave Max 4 with 70 Hours Playtime,ENC wiith Du...","₹2,499","Calm Beige, On the Ear"
218,"GOBOULT Astra with Quad Mic ENC, 48Hrs Battery, Made in...","₹1,199","White Opal, True Wireless"
219,PRODART ORIGINAL EHS61 Deep Bass Sound Wired,₹211,"White, In the Ear"
220,"Noise TWO with 50 Hours Playtime, Low latency (up to 42...","₹1,699","Serene Blue, On the Ear"
221,"boAt Rockerz 480 w/ Beast Mode, RGB LEDs(6 Light Modes)...","₹1,799","Black Sabre, On the Ear"
222,"GOBOULT Z40 v2.0 70Hrs Battery Life, Legacy Continues, ...","₹1,099","Solar Orange, True Wireless"
223,Aroma NB119D Dream Upto 60 Hours Playtime* Dual Pairing...,₹279,"Matte Blue, In the Ear"
224,"GOBOULT Z40 with ENC Mic, 60Hr Battery, Metal Finish, L...",₹899,"Black, In the Ear"
225,"boAt Rockerz 301 ANC,13mm Drivers,Hall Switch, ~30dB AN...","₹1,499","Green, In the Ear"
226,"TRIGGR Kraken X4 with 13mm Drivers, 40ms Latency, ENC, ...",₹799,"Army Green, True Wireless"
227,"Caidea TW301 Blogger Upto 40H Playtime*,ENC,Dual Pairin...",₹294,"Glass Green, True Wireless"
228,"Aroma NB124 Bombay Upto 100 Hours Playtime*,ENC, Voice ...",₹300,"Metallic Blue, In the Ear"
229,Aroma NB126 Aster V5.4 Upto 50Hr Playtime* 45Ms Latency...,₹799,"Electric Blue, True Wireless"
230,"GOBOULT Fluid X 60Hrs, 40mm Drivers, Foldable design, E...","₹1,999","White, On the Ear"
231,Caidea TW101 Earth 32dB Active Noise Cancellation 60Hrs...,₹375,"Acoustic Black, True Wireless"
232,"Noise Buds N2 Pro (New Launch) with 70H Playtime, 32dB ...","₹1,799","Lunar Silver, True Wireless"
233,boAt boAt Bassheads 220 Wired Earphones Wired,₹499,"Black, In the Ear"
234,"Portronics Muffs M2 Bluetooth Headphones Over Ear,40 Hr...",₹999,"Black, On the Ear"
235,"TRIGGR Rizz with 40H Playback, Spherical Design, 13mm D...",₹799,"Onyx Lilac, In the Ear"
236,"Caidea TW103 Ray Upto 60H Playtime*, ENC, Fast Charging...",₹373,"Galaxy Green, True Wireless"
237,"Number Navo Buds X1 w/ 50H Playtime,Dual Pairing,13mm S...",₹599,"Black Moon, In the Ear"
238,"boAt Airdopes Prime 511, Volume Swipe Controls, 50H Bat...","₹1,399","Active Black, True Wireless"
239,"TRIGGR Ultrabuds N4 with Premium Finish, Rubber Grip De...",₹699,"Jungle Green, True Wireless"
240,"Aroma NB120 Amaze Upto 50 Hours Playtime*, Fast Chargin...",₹260,"Jazz Green, In the Ear"
241,"boAt Rockerz 430, 40ms Latency, 40H Battery, Stream Ad ...","₹1,299","Iris Black, On the Ear"
242,"PTron Bassstrings Neo with 34hrs Playtime,Clear Calls,1...",₹499,"Black, In the Ear"
243,"OnePlus Buds 4 55dB ANC, 45 hrs Playback, Dual Drivers ...","₹5,999","Zen Green, In the Ear"
244,"TRIGGR Kraken X4 with 13mm Drivers, 40ms Latency, ENC, ...",₹799,"Snow Carmine, True Wireless"
245,SONY 310AP Wired,"₹1,099","Black, On the Ear"
246,"TRIGGR Trinity 3 with Fabric Finish, Dual Pairing, 50H ...","₹1,499","Rustic Beige, On the Ear"
247,"Caidea TW301 Blogger Upto 40H Playtime*,ENC,Dual Pairin...",₹294,"Glass White, True Wireless"
248,MZ NB111 Wireless Headphone Magnetic Neckband 250h stan...,₹210,"Black, In the Ear"
249,"Noise Buds VS102 Elite with 50Hr Playtime, ENC, Quad Mi...",₹899,"Sky Blue, True Wireless"
250,"boAt Rockerz 480 w/ Beast Mode, RGB LEDs(6 Light Modes)...","₹1,799","White Sabre, On the Ear"
251,"Caidea CNB100 Fog Upto 100 Hrs* Music,ENC,Voice Changer...",₹300,"Matte Olive Green, In the Ear"
252,"Noise Buds VS102 Neo with 40 Hrs Playtime, Environmenta...",₹799,"Olive Green, True Wireless"
253,"Soundcore by Anker Space One, 40H ANC Playtime, LDAC Hi...","₹6,999","Black, On the Ear"
254,Portronics Conch Theta A 3.5mm Wired Earphone With HD Q...,₹499,"Black, In the Ear"
255,"JBL Tune 310C, Hi-Res Audio with DAC , 3-Button EQ , Co...","₹1,112","Black, In the Ear"
256,"Aroma NB120 Amaze Upto 50 Hrs* Playtime, Dual Pairing F...",₹261,"Acoustic Black, In the Ear"
257,"TRIGGR Kraken X1 with Battery Display, 40ms Latency, Qu...",₹699,"Black, True Wireless"
258,"boAt Airdopes 313, Glide Shell, ENx Tech, 75H Battery, ...","₹1,299","Carbon Black, True Wireless"
259,"boAt Nirvana Ion 32dB Active Noise Cancellation, 120HRS...","₹1,999","Crystal Black, True Wireless"
260,"Noise Airwave Max 4 with 70 Hours Playtime,ENC wiith Du...","₹2,499","Calm Beige, On the Ear"
261,TECHFIRE Fire 145- 30 Hours Playtime with superior soun...,₹248,"Blue, In the Ear"
262,"truke Mega 7 Earbuds w/ 60H Battery, 13mm Drivers, 24-b...",₹999,"Coffee brown, True Wireless"
263,Caidea TW400 Aristo 32dB Active Noise Cancellation 75H*...,₹489,"Graphite Black, True Wireless"
264,"Noise Airwave, ENC calling, 50 Hrs of Playtime, Low lat...",₹999,"Olive Green, In the Ear"
265,"Noise Buds VS102 Plus with 70 Hrs Playtime, Environment...","₹1,499","Deep Wine, True Wireless"
266,"boAt Rockerz 480 w/ Beast Mode, RGB LEDs(6 Light Modes)...","₹1,799","Black Sabre, On the Ear"
267,"Noise TWO with 50 Hours Playtime, Low latency (up to 42...","₹1,699","Serene Blue, On the Ear"
268,"ZEBRONICS Thunder Pro, With 60h Backup, BT v5.3, Gaming...",₹899,"Black, On the Ear"
269,"PTron Bassbuds Vibe w/ 34 Hrs Playback,Clear Calls,13mm...",₹599,"Blue, True Wireless"
270,j&b Bullets Wireless B2 Premium Neckband With 50Hrs Pla...,₹299,"Black, In the Ear"
271,"TRIGGR Kraken X4 with 13mm Drivers, 40ms Latency, ENC, ...",₹799,"Army Green, True Wireless"
272,Apple AirPods 4 Wireless Earbuds with Active Noise Canc...,"₹16,900","White, True Wireless"
273,SpinBot HX300 Headphones with 50ms Low Latency & RGB Li...,"₹1,899","White, On the Ear"
274,"GOBOULT Z40 Pro with 100Hr, 4 Mic ENC, Scratch Proof, R...","₹1,299","Dawn, True Wireless"
275,"Caidea TW500 Tube Upto 50H Playtime*, ENC, Fast Chargin...",₹400,"Matte Black, True Wireless"
276,"GOBOULT W40 with 4 Mic ENC, 48H Battery Life, Low Laten...",₹799,"Ivory White, True Wireless"
277,"GOBOULT Fluid X 60Hrs, 40mm Drivers, Foldable design, E...","₹1,999","White, On the Ear"
278,"boAt Airdopes Prime 413,AI-ENx Tech, 50H Battery,Multi ...","₹1,299","Green, True Wireless"
279,"boAt Airdopes Supreme w/ 4 Mics AI ENx Tech, 50 HRS Pla...","₹1,499","Sage Green, True Wireless"
280,"Aroma NB120 Amaze Upto 50 Hours Playtime*, Fast Chargin...",₹260,"Jazz Green, In the Ear"
281,"boAt Rockerz 430, 40ms Latency, 40H Battery, Stream Ad ...","₹1,299","Iris Black, On the Ear"
282,realme Buds 3 wired Wired,₹599,"Blue, In the Ear"
283,"GOBOULT Mustang Derby with 100 Hrs Battery, App Support...","₹1,499","Derby, True Wireless"
284,"Noise Buds N2 Pro (New Launch) with 70H Playtime, 32dB ...","₹1,799","Slate Black, True Wireless"
285,"CMF by Nothing Buds 2 48 dB Hybrid ANC, Ultra Bass Tech...","₹2,699","Light Green, In the Ear"
286,"TRIGGR Trinity 3 with Fabric Finish, Dual Pairing, 50H ...","₹1,499","Rustic Beige, On the Ear"
287,"Caidea TW301 Blogger Upto 40H Playtime*,ENC,Dual Pairin...",₹294,"Glass White, True Wireless"
288,HOPPUP Predator Xo1 Earbuds with 50H Bluetooth Gaming,₹699,"Black, True Wireless"
289,Aroma NB119 Pro Belief Upto 48H Playtime* Fast Charging...,₹249,"Black, In the Ear"
290,"boAt Rockerz 480 w/ Beast Mode, RGB LEDs(6 Light Modes)...","₹1,799","White Sabre, On the Ear"
291,"Caidea CNB100 Fog Upto 100 Hrs* Music,ENC,Voice Changer...",₹300,"Matte Olive Green, In the Ear"
292,MOTOROLA Moto Buds Bass |Hi-Res Audio & LDAC | 12.4mm d...,"₹1,999","Green, True Wireless"
293,Mi Type C Wired Headset with Mic Wired,₹599,"Black 2, In the Ear"
294,"boAt Rockerz 413,60H Battery,ENx, BEAST Mode, Dual Pair...","₹1,599","Ash Grey, On the Ear"
295,myxes Earbuds Bluetooth V5.1 True Wireless stereo Bluet...,₹299,"Black, In the Ear"
296,"Aroma NB120 Amaze Upto 50 Hrs* Playtime, Dual Pairing F...",₹261,"Acoustic Black, In the Ear"
297,"TRIGGR Kraken X1 with Battery Display, 40ms Latency, Qu...",₹699,"Black, True Wireless"
298,"JBL Wave Beam TWS, 32Hr Playtime, IP54, Smart Ambient &...","₹2,499","White, In the Ear"
299,"Mivi Duopods K2, 40Hrs PT, HD Call, Fast Charging, 50ms...",₹699,"Brisk Blue, True Wireless"
300,"Noise Airwave Max 4 with 70 Hours Playtime,ENC wiith Du...","₹2,499","Calm Beige, On the Ear"
301,TECHFIRE Fire 145- 30 Hours Playtime with superior soun...,₹248,"Blue, In the Ear"
302,allons TWS Bluetooth Earbuds True Wireless Headphone wi...,₹250,"Black, True Wireless"
303,MZ NB111 (Wireless Headphone) Magnetic Neckband 250h st...,₹210,"Black, In the Ear"
304,"CMF by Nothing Buds 2a, 42 dB ANC, 12.4mm Driver, Dirac...","₹2,199","Light Grey, True Wireless"
305,TRIGGR Blaze 3.5mm Jack Wired Earphones with 13mm Drive...,₹129,"Midnight Blue, In the Ear"
306,"boAt Rockerz 480 w/ Beast Mode, RGB LEDs(6 Light Modes)...","₹1,799","Black Sabre, On the Ear"
307,"Noise TWO with 50 Hours Playtime, Low latency (up to 42...","₹1,699","Serene Blue, On the Ear"
308,"GOBOULT Klarity 1 with 80Hr Battery Life, Dual Pairing,...",₹799,"Black, True Wireless"
309,"Portronics Tune C Type C Earphone with mic, In-Line Con...",₹299,"Grey, In the Ear"
310,j&b Bullets Wireless B2 Premium Neckband With 50Hrs Pla...,₹299,"Black, In the Ear"
311,"TRIGGR Kraken X4 with 13mm Drivers, 40ms Latency, ENC, ...",₹799,"Army Green, True Wireless"
312,JBL Quantum 100 Wired Gaming,"₹1,999","Black, On the Ear"
313,"Soundcore by Anker K20i,36Hr Playtime,Dual mic with AI ...",₹899,"Blue, True Wireless"
314,"boAt Rockerz 202, 20H Battery, ENx, ASAP Charge, Dual P...",₹999,"Blue, In the Ear"
315,MarQ by Flipkart Rhythm Q0824 30 Hours Playtime Type C ...,₹499,"Black, True Wireless"
316,"GOBOULT W40 with 4 Mic ENC, 48H Battery Life, Low Laten...",₹799,"Ivory White, True Wireless"
317,"GOBOULT Fluid X 60Hrs, 40mm Drivers, Foldable design, E...","₹1,999","White, On the Ear"
318,"ZEBRONICS Zeb-Sound Bomb 7, TWS, 60h Backup, BT v5.2, E...",₹749,"Blue, In the Ear"
319,"realme Buds T200x with 25dB ANC,12.4mm Dynamic Bass Dri...","₹1,599","Moonlight White, True Wireless"
320,"boAt Airdopes 161 ANC Elite,ANC, 50 H Battery,,ENx Tech...","₹1,399","Black, True Wireless"
321,"truke Mega 10 Earbuds w/ 70H Battery, 24-Bit Spatial So...","₹1,199","Jet Black, True Wireless"
322,"Mivi Duopods B1 (Just Launched)45Hrs Playtime, AI ENC f...",₹699,"Blue, In the Ear"
323,"Mivi Duopods I6, 55Hrs PT, HD Call, Fast Charging, 3D S...",₹799,"Blue, True Wireless"
324,"boAt Airdopes 161/163,ASAP Charge,40 H Battery, Stream ...",₹743,"Olive Green, True Wireless"
325,JBL C150SI with One Button Universal Remote Wired Gamin...,₹699,"White, In the Ear"
326,"TRIGGR Apex S2 2025, Dual Pairing, 60H Battery, Preset ...",₹799,"Black Inferno, True Wireless"
327,F FERONS Wireless Headphone BT 5.0 Over Ear Foldable wi...,₹290,"Mid Night Black, On the Ear"
328,CMF by Nothing Buds Pro 2 with 50 dB ANC| Hi-Res + LDAC...,"₹4,299","Light Grey, In the Ear"
329,"boAt Airdopes Supreme w/ 4 Mics AI ENx Tech, 50 HRS Pla...","₹1,499","Sporty Blue, True Wireless"
330,"GOBOULT Mustang Torq 60Hrs, App Support, 4Mic ENC, Brea...","₹1,799","Yellow, True Wireless"
331,PunnkFunnk Music Studio Gaming & Online Classes with Ot...,₹872,"Black, On the Ear"
332,"boAt Rockerz 650 Pro(2025 Launch), Touch/Swipe Controls...","₹2,838","Iris Black, On the Ear"
333,"GOBOULT Fluid X Pro ANC Calling, 70Hrs Battery Life, Fo...","₹2,299","Pro Black, On the Ear"
334,"CMF by Nothing Buds 2a, 42 dB ANC, 12.4mm Driver, Dirac...","₹2,199","Orange, True Wireless"
335,"JBL Tune Beam 2 TWS, ANC Earbuds, 48Hr Playtime,6 Mics,...","₹5,999","Black, True Wireless"
336,"Aroma NB119 Titanium Upto 48Hr Playtime*, Fast Charging...",₹499,"Olive Green, In the Ear"
337,"OPPO Enco Buds3 Pro,12.4mm Driver,54hrs Playback,Deep B...","₹1,799","Glaze White, True Wireless"
338,"boAt Airdopes 800 w/ Dolby Audio, 4 Mics AI-ENx Tech, T...","₹1,799","Interstellar White, True Wireless"
339,"boAt Nirvana Zenith Pro (2025),50dB Hybrid ANC,Spatial ...","₹2,999","Platinum Gold, True Wireless"
340,"ZEBRONICS Zeb-Pods K2, Upto 40H Backup, Dual EQ Mode,Qu...",₹899,"White, In the Ear"
341,"GOBOULT Mustang Q 70Hrs Battery, ENC Mic, 40mm Drivers,...","₹2,099","Blue, On the Ear"
342,"TRIGGR Ultrabuds N1 Neo with ENC, 40Hr Playback, 13mm D...",₹599,"Sky Black, In the Ear"
343,TRIGGR Blaze 3.5mm Jack Wired Earphones with 13mm Drive...,₹129,"Teal Noir, In the Ear"
344,"Noise Buds VS404 with 50 Hours Playtime, ENC with Quad ...",₹999,"Forest Green, True Wireless"
345,"Portronics Conch Sigma A in Ear 3.5mm Wired Earphones,i...",₹299,"Black, In the Ear"
346,"boAt Airdopes 800 HiDef, Hi-Res LDAC, Adv 4Mic AI-ENx, ...","₹2,299","Graphite Grey, True Wireless"
347,"Number Navo Buds X1 w/ 50H Playtime,Dual Pairing,13mm S...",₹599,"Black Moon, In the Ear"
348,"GOBOULT Z60 with 60Hr Battery, 4 Mic ENC, 50ms Ultra Lo...",₹899,"Flamingo Pink, True Wireless"
349,"TRIGGR Kraken X4 with 13mm Drivers, 40ms Latency, ENC, ...",₹799,"Army Green, True Wireless"
350,"Portronics Harmonics Z8 Neckband with 40H Playtime,Game...",₹678,"Black, In the Ear"
351,"TRIGGR Trinity 2 with Dual Pairing, ENC, Fast Charge, 5...",₹799,"Shark Grey, On the Ear"
352,SpinBot BattleBudz C30 Type-C Gaming Earphones with Gam...,₹748,"Black, Red, In the Ear"
353,"TRIGGR Kraken X4 with 13mm Drivers, 40ms Latency, ENC, ...",₹799,"Azure Blue, True Wireless"
354,"realme Buds Air 7 Pro with 53dB ANC,360 Spatial Audio, ...","₹5,499","Glory Beige, True Wireless"
355,"realme Buds Air 6 Pro with 50dB ANC, 360 Spatial Audio ...","₹4,999","Silver Blue, True Wireless"
356,"boAt Rockerz 650 Pro(2025 Launch), Touch/Swipe Controls...","₹2,799","Starry Night, On the Ear"
357,TRIGGR Blaze 3.5mm Jack Wired Earphones with 13mm Drive...,₹129,"Lava Orange, In the Ear"
358,"PHILIPS Wired Earphones with C-Type Audio Jack, 10mm Dy...",₹374,"Black, In the Ear"
359,"Noise Buds VS102 with 50 Hrs Playtime, 11mm Driver, IPX...","₹1,199","Pearl White, True Wireless"
360,"Aroma NB120 Amaze Upto 50 Hours Playtime*, Fast Chargin...",₹260,"Jazz Green, In the Ear"
361,"boAt Rockerz 430, 40ms Latency, 40H Battery, Stream Ad ...","₹1,299","Iris Black, On the Ear"
362,TRIGGR Blaze 3.5mm Jack Wired Earphones with 13mm Drive...,₹129,"Lava Orange, In the Ear"
363,OPPO Enco Buds 2 with 28 hours Battery life & Deep Nois...,"₹1,599","Midnight, True Wireless"
364,"realme Buds Air 7 Pro with 53dB ANC,360 Spatial Audio, ...","₹5,499","Glory Beige, True Wireless"
365,"OnePlus Buds 3 TWS, in Ear Earbuds with Sliding Volume ...","₹4,699","Minty Green, True Wireless"
366,"TRIGGR Trinity 3 with Fabric Finish, Dual Pairing, 50H ...","₹1,499","Rustic Beige, On the Ear"
367,Caidea TWS7 Sufi V5.4 Upto 30Hrs Playtime* Type C Fast ...,₹299,"Vibrant Black, True Wireless"
368,"boAt Airdopes 301,75H Battery, 4Mics ENx, ASAP Charge, ...","₹1,299","Midnight Shadow, True Wireless"
369,"GOBOULT Mustang Torq 60Hrs, App Support, 4Mic ENC, Brea...","₹1,799","Torq, True Wireless"
370,"Caidea TW301 Blogger Upto 40H Playtime*,ENC,Dual Pairin...",₹294,"Glass White, True Wireless"
371,"boAt Rockerz 480 w/ Beast Mode, RGB LEDs(6 Light Modes)...","₹1,799","White Sabre, On the Ear"
372,BULLSTORM BS ultrapood Bluetooth Gaming,₹279,"Glossy Black, True Wireless"
373,"boAt Rockerz 255 Pro+, 60H Battery, ASAP Charge, Stream...","₹1,299","Active Black, In the Ear"
374,"boAt Rockerz 650 Pro(2025 Launch), Touch/Swipe Controls...","₹2,799","Starry Night, On the Ear"
375,"Noise Buds VS102 with 50 Hrs Playtime, 11mm Driver, IPX...","₹1,199","Pearl White, True Wireless"
376,"Caidea CNB100 Fog Upto 100 Hrs* Music,ENC,Voice Changer...",₹300,"Matte Olive Green, In the Ear"
377,"Aroma NB120 Amaze Upto 50 Hrs* Playtime, Dual Pairing F...",₹261,"Acoustic Black, In the Ear"
378,"PHILIPS Wired Earphones with C-Type Audio Jack, 10mm Dy...",₹374,"Black, In the Ear"
379,"JBL Live Pro 2, Active Adaptive Noise Cancellation, 40H...","₹6,999","Black, True Wireless"
380,"TRIGGR Kraken X1 with Battery Display, 40ms Latency, Qu...",₹699,"Black, True Wireless"
381,"Noise Airwave Max 4 with 70 Hours Playtime,ENC wiith Du...","₹2,499","Calm Beige, On the Ear"
382,"truke BTG Ultra with 60H Playtime, 360Spatial, Low Late...",₹899,"MintMist, True Wireless"
383,"Aroma NB119 TItanium Pro Upto 100 Hr Playtime*,ENC,Fast...",₹499,"Vibrant Green, In the Ear"
384,"Mivi DuoPods Blaze [New launch], AI-ENC, 60 Hrs, 13mm D...",₹999,"Silk White, True Wireless"
385,"GOBOULT W10 55H Battery, 4 Mic ENC, Spatial Audio, Low ...",₹799,"Coral White, True Wireless"
386,"boAt Rockerz 480 w/ Beast Mode, RGB LEDs(6 Light Modes)...","₹1,799","Black Sabre, On the Ear"
387,"Noise TWO with 50 Hours Playtime, Low latency (up to 42...","₹1,699","Serene Blue, On the Ear"
388,"Noise Buds Verve 2 with 50Hr Playtime, ENC, Quad Mic & ...","₹1,499","Carbon Black, True Wireless"
389,"TRIGGR Apex S2 with Dual Pairing, 60H Battery, Quad Mic...",₹799,"Onyx Lilac, True Wireless"
390,TECHFIRE Fire 145- 30 Hours Playtime with superior soun...,₹248,"Blue, In the Ear"
391,j&b Bullets Wireless B2 Premium Neckband With 50Hrs Pla...,₹299,"Black, In the Ear"
392,"Aroma NB119 Zebra Upto 100H Playtime, ENC, Magnetic On/...",₹389,"Chrome Green, In the Ear"
393,vivo TWS 3e buds up-to 30dB Active Noise Cancellation |...,"₹1,899","Bright White, True Wireless"
394,"boAt Rockerz 425,25H Battery, BEAST Mode,ENx,Dual Pair,...","₹1,399","Active Black, On the Ear"
395,"ZEBRONICS Zeb-Buds 50C, Type-C, In-Line Mic, 14mm Drive...",₹299,"Black, In the Ear"
396,"TRIGGR Kraken X4 with 13mm Drivers, 40ms Latency, ENC, ...",₹799,"Army Green, True Wireless"
397,"GOBOULT W40 with 4 Mic ENC, 48H Battery Life, Low Laten...",₹799,"Ivory White, True Wireless"
398,"Portronics Harmonics Twins S18 in Ear TWS Earbud,30H Pl...",₹699,"Black, In the Ear"
399,truke Crystal Dyno Leather Finish earbuds w/ Spatial Au...,₹899,"Oak Brown, True Wireless"
400,"Aroma NB120 Amaze Upto 50 Hours Playtime*, Fast Chargin...",₹260,"Jazz Green, In the Ear"
401,"boAt Rockerz 430, 40ms Latency, 40H Battery, Stream Ad ...","₹1,299","Iris Black, On the Ear"
402,"PTron Studio w/ 60hrs Playtime, HD Mic, 40mm Drivers, D...",₹699,"Jet Black, On the Ear"
403,"Aroma NB119 Titanium Pro Upto 100 Hr Playtime*,ENC,Fast...",₹499,"Chrome Blue, In the Ear"
404,"TRIGGR Ultrabuds N1 Neo with ENC, 40Hr Playback, 13mm D...",₹699,"Indigo Honey, In the Ear"
405,"Aroma NB120 Banner Upto 40H Playtime*, ENC, Fast Chargi...",₹229,"Metal Black, In the Ear"
406,Caidea TWS7 Sufi V5.4 Upto 30Hrs Playtime* Type C Fast ...,₹299,"Vibrant Black, True Wireless"
407,"TRIGGR Trinity 3 with Fabric Finish, Dual Pairing, 50H ...","₹1,499","Rustic Beige, On the Ear"
408,PROWARP Original EHS61 Deep Bass with Sound Cancellatio...,₹211,"White, In the Ear"
409,"Noise Buds Verve 2 with 50Hr Playtime, ENC, Quad Mic & ...","₹1,499","Forest Green, True Wireless"
410,"Caidea TW301 Blogger Upto 40H Playtime*,ENC,Dual Pairin...",₹294,"Glass White, True Wireless"
411,"boAt Rockerz 480 w/ Beast Mode, RGB LEDs(6 Light Modes)...","₹1,799","White Sabre, On the Ear"
412,"GOBOULT W10 55H Battery, 4 Mic ENC, Spatial Audio, Low ...",₹799,"Jet Black, True Wireless"
413,"Mivi Duopods K2, 40Hrs PT, HD Call, Fast Charging, 50ms...",₹699,"Ivory, True Wireless"
414,PunnkFunnk PRO VERSION STYLIST WITH MICROPHONE Wired Ga...,₹878,"Black, On the Ear"
415,Nothing Headphone(1) 42dB ANC| Dual Device| Hi-Res+LDAC...,"₹21,999","Black, On the Ear"
416,"Caidea CNB100 Fog Upto 100 Hrs* Music,ENC,Voice Changer...",₹300,"Matte Olive Green, In the Ear"
417,"Aroma NB120 Amaze Upto 50 Hrs* Playtime, Dual Pairing F...",₹261,"Acoustic Black, In the Ear"
418,OnePlus Nord Wired Earphones Wired,₹799,"Black, In the Ear"
419,"ZEBRONICS Zeb- Thunder, With 60H Backup, BT v5.3, Gamin...",₹799,"Blue, On the Ear"
420,"TRIGGR Kraken X1 with Battery Display, 40ms Latency, Qu...",₹699,"Black, True Wireless"
421,"Noise Airwave Max 4 with 70 Hours Playtime,ENC wiith Du...","₹2,499","Calm Beige, On the Ear"
422,"TRIGGR Rizz with 40H Playback, Spherical Design, 13mm D...",₹699,"Jungle Green, In the Ear"
423,"boAt Rockerz Prime 205,Spatial Audio,50H Battery,ENx,St...","₹1,299","Onyx Black, In the Ear"
424,"boAt Rockerz Prime 205,Spatial Audio,50H Battery,ENx,St...","₹1,299","Fern Green, In the Ear"
425,"TRIGGR Ultrabuds N1 Neo with ENC, 40Hr Playback, 13mm D...",₹599,"Cobalt Mariner, In the Ear"
426,TECHFIRE Fire 145- 30 Hours Playtime with superior soun...,₹248,"Blue, In the Ear"
427,j&b Bullets Wireless B2 Premium Neckband With 50Hrs Pla...,₹299,"Black, In the Ear"
428,Mi Type C Wired Headset with Mic Wired,₹599,"White, In the Ear"
429,"SONY New WF-C510 TWS Light Weight, Compact In-Ear Earbu...","₹4,990","Black, True Wireless"
430,"boAt Rockerz 480 w/ Beast Mode, RGB LEDs(6 Light Modes)...","₹1,799","Black Sabre, On the Ear"
431,"Noise TWO with 50 Hours Playtime, Low latency (up to 42...","₹1,699","Serene Blue, On the Ear"
432,"GOBOULT W45 with 50Hrs Battery Life, 4 Mic ENC, Ultra L...",₹899,"Black, True Wireless"
433,"boAt Rockerz 512 ANC, 40dB Hybrid ANC, 80H Battery, ENx...","₹2,999","Bold Blue, On the Ear"
434,"Soundcore by Anker R50i Vi, 30Hr Playtime, Deep Bass, 2...",₹996,"Blue, True Wireless"
435,boAt Nirvana Ion with 120 Hours Playback & Crystal Bion...,"₹1,799","Ivory White, True Wireless"
436,"TRIGGR Kraken X4 with 13mm Drivers, 40ms Latency, ENC, ...",₹799,"Army Green, True Wireless"
437,"GOBOULT W40 with 4 Mic ENC, 48H Battery Life, Low Laten...",₹799,"Ivory White, True Wireless"
438,"GOBOULT X1-Wired with Dual Drivers, Rich Bass, In line ...",₹349,"Red, In the Ear"
439,OnePlus Nord Buds 2 Earbuds with 25dB Active Noise Canc...,"₹3,098","Thunder Gray, True Wireless"
440,"Aroma NB120 Amaze Upto 50 Hours Playtime*, Fast Chargin...",₹260,"Jazz Green, In the Ear"
441,"boAt Rockerz 430, 40ms Latency, 40H Battery, Stream Ad ...","₹1,299","Iris Black, On the Ear"
442,"Mivi Duopods K2, 40Hrs PT, HD Call, Fast Charging, 50ms...",₹699,"Mint Green, True Wireless"
443,"GOBOULT Z60 with 60Hr Battery, 4 Mic ENC, 50ms Ultra Lo...",₹899,"Spring Green, True Wireless"
444,"Noise Pop buds with 50 Hrs of playtime, Quad Mic with E...","₹1,099","Steel Pop, True Wireless"
445,SONY 310AP Wired,₹999,"Red, On the Ear"
446,"TRIGGR Trinity 3 with Fabric Finish, Dual Pairing, 50H ...","₹1,499","Rustic Beige, On the Ear"
447,"Caidea TW301 Blogger Upto 40H Playtime*,ENC,Dual Pairin...",₹294,"Glass White, True Wireless"
448,"PTron Studio Pro w/ 65hrs Playtime, AI-ENC Calls, Prist...",₹699,"Blue, On the Ear"
449,"ZEBRONICS Zeb-Buds C10, with In-Line Mic, Type-C, 10mm ...",₹299,"Black, In the Ear"
450,"boAt Rockerz 480 w/ Beast Mode, RGB LEDs(6 Light Modes)...","₹1,799","White Sabre, On the Ear"
451,"Caidea CNB100 Fog Upto 100 Hrs* Music,ENC,Voice Changer...",₹300,"Matte Olive Green, In the Ear"
452,"GOBOULT W45 with 50Hrs Battery Life, 4 Mic ENC, Ultra L...",₹899,"White, True Wireless"
453,TECHFIRE Fire 145- 30 Hours Playtime with superior soun...,₹248,"Blue, In the Ear"
454,"realme Buds T01 with 13mm Driver, AI ENC for Calls, BT ...","₹1,299","Black, True Wireless"
455,"Noise Buds VS102 Elite with 50Hr Playtime, ENC, Quad Mi...",₹899,"Forest Green, True Wireless"
456,"Aroma NB120 Amaze Upto 50 Hrs* Playtime, Dual Pairing F...",₹261,"Acoustic Black, In the Ear"
457,"TRIGGR Kraken X1 with Battery Display, 40ms Latency, Qu...",₹699,"Black, True Wireless"
458,"Soundcore by Anker H30i, 70 Hrs Playtime, Pure Bass, Fo...","₹1,898","White, On the Ear"
459,"realme Buds Wireless 3 Neo with 13.4mm Driver, 32 hrs P...","₹1,299","Blue, In the Ear"
460,"Noise Airwave Max 4 with 70 Hours Playtime,ENC wiith Du...","₹2,499","Calm Beige, On the Ear"
461,j&b Bullets Wireless B2 Premium Neckband With 50Hrs Pla...,₹299,"Black, In the Ear"
462,"Aroma NB119 Zebra Upto 100H Playtime, ENC, Magnetic On/...",₹379,"Metallic Olive Green, In the Ear"
463,"REDMI Buds 5C with 40dB Hybrid ANC, Quad-Mic AI Calling...","₹1,799","Acoustic Black, True Wireless"
464,CARRON MAGNETIC OFF/ON Neckband (GR1) Bluetooth,₹290,"Green, In the Ear"
465,"PTron Bassbuds Rogue w/ 40ms Game Mode, 50Hrs Playtime,...",₹699,"Black, True Wireless"
466,"boAt Rockerz 480 w/ Beast Mode, RGB LEDs(6 Light Modes)...","₹1,799","Black Sabre, On the Ear"
467,"Noise TWO with 50 Hours Playtime, Low latency (up to 42...","₹1,699","Serene Blue, On the Ear"
468,TECHBROS New Edition TWS M19 PRO with Power Bank Upto 4...,₹279,"Black, In the Ear"
469,"ZEBRONICS Zeb-Jet� Premium Headphone,LED Headband,Suspe...",₹799,"Black + Blue, On the Ear"
470,"TRIGGR Kraken X4 with 13mm Drivers, 40ms Latency, ENC, ...",₹799,"Army Green, True Wireless"
471,"GOBOULT W40 with 4 Mic ENC, 48H Battery Life, Low Laten...",₹799,"Ivory White, True Wireless"
472,"Caidea TW500 Tube Upto 50H Playtime*, ENC, Fast Chargin...",₹399,"Matte Blue, True Wireless"
473,"OnePlus Nord Buds 3r TWS Earbud, 10min charge for 8hr M...","₹1,799","Aura Blue, True Wireless"
474,"TRIGGR Ultrabuds N3 with Crisp Calling, 50H Playtime, 1...",₹599,"Teal Noir, In the Ear"
475,"ZEBRONICS Zeb-Jet Pro Premium Headphone,LED Headband,Su...",₹899,"Black+Blue, On the Ear"
476,Aroma NB119 Titanium - 48 Hours Playtime Neckband Bluet...,₹499,"Green, In the Ear"
477,"Aroma NB120 Amaze Upto 50 Hours Playtime*, Fast Chargin...",₹300,"Booming Red, In the Ear"
478,"Noise Buds Verve 2 with 50Hr Playtime, ENC, Quad Mic & ...","₹1,499","Carbon Black, True Wireless"
479,"GOBOULT Fluid X 60Hrs, 40mm Drivers, Foldable design, E...","₹1,999","White, On the Ear"
480,"Aroma NB120 Amaze Upto 50 Hours Playtime*, Fast Chargin...",₹260,"Jazz Green, In the Ear"
481,"boAt Rockerz 430, 40ms Latency, 40H Battery, Stream Ad ...","₹1,299","Iris Black, On the Ear"
482,"Noise Buds N1 Pro with Metallic Finish, 30dB ANC, 60H P...","₹1,599","Chrome Black, True Wireless"
483,"boAt Airdopes 131 Elite ANC, (~32dB) ANC,60H Battery, S...","₹1,499","Black, True Wireless"
484,truke Crystal Dyno Leather Finish earbuds w/ Spatial Au...,₹899,"Arctic Blue, True Wireless"
485,"ZEBRONICS Zeb- Thunder, With 60H Backup, BT v5.3, Gamin...",₹799,"Neon Yellow, On the Ear"
486,"TRIGGR Trinity 3 with Fabric Finish, Dual Pairing, 50H ...","₹1,499","Rustic Beige, On the Ear"
487,"Caidea TW301 Blogger Upto 40H Playtime*,ENC,Dual Pairin...",₹294,"Glass White, True Wireless"
488,"Noise Buds E1 (New Launch) 35H Playtime, Quad mic ENC, ...","₹1,099","Charcoal Black, True Wireless"
489,"Noise Airwave Max 4 with 70 Hours Playtime,ENC wiith Du...","₹2,499","Calm Beige, On the Ear"
490,"boAt Rockerz 480 w/ Beast Mode, RGB LEDs(6 Light Modes)...","₹1,799","White Sabre, On the Ear"
491,"Caidea CNB100 Fog Upto 100 Hrs* Music,ENC,Voice Changer...",₹300,"Matte Olive Green, In the Ear"
492,Caidea TW101 Earth 32dB Active Noise Cancellation 60H* ...,₹599,"Thunder Blue, True Wireless"
493,"truke Buds Liberty OWS with 360SpatialAudio, 60H Playti...","₹1,599","OnyxBlack, True Wireless"
494,"Soundcore by Anker R50i NC,45Hr Playtime,4 mics with 42...","₹1,699","Black, True Wireless"
495,"truke Airbuds Lite with Quad Mic ENC, 48Hrs Battery, Ga...",₹699,"Black, True Wireless"
496,"Aroma NB120 Amaze Upto 50 Hrs* Playtime, Dual Pairing F...",₹261,"Acoustic Black, In the Ear"
497,"TRIGGR Kraken X1 with Battery Display, 40ms Latency, Qu...",₹699,"Black, True Wireless"
498,GWALBROS Earbuds M19 PRO with Power Bank Upto 48Hrs Pla...,₹288,"Black, In the Ear"
499,"truke ResonanceX OWS w/ 70H Playtime, 24-bit Spatial Au...","₹1,699","Ash Black, In the Ear"
500,"Noise TWO with 50 Hours Playtime, Low latency (up to 42...","₹1,699","Serene Blue, On the Ear"
501,TECHFIRE Fire 145- 30 Hours Playtime with superior soun...,₹248,"Blue, In the Ear"
502,"TRIGGR Apex S2 2025, Dual Pairing, 60H Battery, Preset ...",₹799,"Tiffany Green, True Wireless"
503,Samsung Galaxy Buds 3 Pro Bluetooth,"₹16,499","Silver, In the Ear"
504,"REDMI Buds 5C with 40dB Hybrid ANC, Quad-Mic AI Calling...","₹1,799","Symphony Blue, True Wireless"
505,"Portronics Harmonics Twins S16 in Ear Earbuds With Mic,...",₹699,"Beige, In the Ear"
506,"boAt Rockerz 480 w/ Beast Mode, RGB LEDs(6 Light Modes)...","₹1,799","Black Sabre, On the Ear"
507,j&b Bullets Wireless B2 Premium Neckband With 50Hrs Pla...,₹299,"Black, In the Ear"
508,SONY ZX110A Wired without Mic,₹768,"White, In the Ear"
509,"ZEBRONICS ZEB-BRO, With In-Line MiC, 3.5mm Jack, 10mm d...",₹166,"White, In the Ear"
510,"TRIGGR Kraken X4 with 13mm Drivers, 40ms Latency, ENC, ...",₹799,"Army Green, True Wireless"
511,Aroma NB119 Titanium - 48 Hours Playtime Neckband Bluet...,₹499,"Green, In the Ear"
512,"GOBOULT Astra with Quad Mic ENC, 48Hrs Battery, Made in...","₹1,199","Smoky Metal, True Wireless"
513,"JBL Wave Beam 2 ANC Earbuds with BTv5.3,Multi Connect,F...","₹3,499","Blue, In the Ear"
514,"Mivi Duopods Horizon [New Launch], AI-ENC, 60 Hrs, 13mm...",₹699,"Midnight Black, True Wireless"
515,"Noise Buds N2 Pro (New Launch) with 70H Playtime, 32dB ...","₹1,799","Desert Gold, True Wireless"
516,"GOBOULT Fluid X 60Hrs, 40mm Drivers, Foldable design, E...","₹1,999","White, On the Ear"
517,"Aroma NB120 Amaze Upto 50 Hours Playtime*, Fast Chargin...",₹300,"Booming Red, In the Ear"
518,"Soundcore by Anker Space One, 40H ANC Playtime, LDAC Hi...","₹6,599","Blue, On the Ear"
519,Caidea TW101 Earth 32dB Active Noise Cancellation 60Hrs...,₹375,"Acoustic Black, True Wireless"
